-- Caja 
INSERT INTO FINANCIERA.CAJA
(ID_CAJA, NOMBRE, SUCURSAL_ID_SUCURSAL)
VALUES(1, 'Caja 1', 1);
INSERT INTO FINANCIERA.CAJA
(ID_CAJA, NOMBRE, SUCURSAL_ID_SUCURSAL)
VALUES(2, 'Caja 2', 1);
INSERT INTO FINANCIERA.CAJA
(ID_CAJA, NOMBRE, SUCURSAL_ID_SUCURSAL)
VALUES(3, 'Caja 3', 1);
INSERT INTO FINANCIERA.CAJA
(ID_CAJA, NOMBRE, SUCURSAL_ID_SUCURSAL)
VALUES(4, 'Caja 4', 1);
INSERT INTO FINANCIERA.CAJA
(ID_CAJA, NOMBRE, SUCURSAL_ID_SUCURSAL)
VALUES(5, 'Caja 5', 1);
INSERT INTO FINANCIERA.CAJA
(ID_CAJA, NOMBRE, SUCURSAL_ID_SUCURSAL)
VALUES(6, 'Caja 1', 2);
INSERT INTO FINANCIERA.CAJA
(ID_CAJA, NOMBRE, SUCURSAL_ID_SUCURSAL)
VALUES(7, 'Caja 2', 2);
INSERT INTO FINANCIERA.CAJA
(ID_CAJA, NOMBRE, SUCURSAL_ID_SUCURSAL)
VALUES(8, 'Caja 3', 2);
INSERT INTO FINANCIERA.CAJA
(ID_CAJA, NOMBRE, SUCURSAL_ID_SUCURSAL)
VALUES(9, 'Caja 4', 2);
INSERT INTO FINANCIERA.CAJA
(ID_CAJA, NOMBRE, SUCURSAL_ID_SUCURSAL)
VALUES(10, 'Caja 5', 2);
INSERT INTO FINANCIERA.CAJA
(ID_CAJA, NOMBRE, SUCURSAL_ID_SUCURSAL)
VALUES(11, 'Caja 1', 3);
INSERT INTO FINANCIERA.CAJA
(ID_CAJA, NOMBRE, SUCURSAL_ID_SUCURSAL)
VALUES(12, 'Caja 2', 3);
INSERT INTO FINANCIERA.CAJA
(ID_CAJA, NOMBRE, SUCURSAL_ID_SUCURSAL)
VALUES(13, 'Caja 3', 3);
INSERT INTO FINANCIERA.CAJA
(ID_CAJA, NOMBRE, SUCURSAL_ID_SUCURSAL)
VALUES(14, 'Caja 4', 3);
INSERT INTO FINANCIERA.CAJA
(ID_CAJA, NOMBRE, SUCURSAL_ID_SUCURSAL)
VALUES(15, 'Caja 5', 3);
INSERT INTO FINANCIERA.CAJA
(ID_CAJA, NOMBRE, SUCURSAL_ID_SUCURSAL)
VALUES(16, 'Caja 1', 4);
INSERT INTO FINANCIERA.CAJA
(ID_CAJA, NOMBRE, SUCURSAL_ID_SUCURSAL)
VALUES(17, 'Caja 2', 4);
INSERT INTO FINANCIERA.CAJA
(ID_CAJA, NOMBRE, SUCURSAL_ID_SUCURSAL)
VALUES(18, 'Caja 3', 4);
INSERT INTO FINANCIERA.CAJA
(ID_CAJA, NOMBRE, SUCURSAL_ID_SUCURSAL)
VALUES(19, 'Caja 4', 4);
INSERT INTO FINANCIERA.CAJA
(ID_CAJA, NOMBRE, SUCURSAL_ID_SUCURSAL)
VALUES(20, 'Caja 5', 4);
INSERT INTO FINANCIERA.CAJA
(ID_CAJA, NOMBRE, SUCURSAL_ID_SUCURSAL)
VALUES(21, 'Caja 1', 5);
INSERT INTO FINANCIERA.CAJA
(ID_CAJA, NOMBRE, SUCURSAL_ID_SUCURSAL)
VALUES(22, 'Caja 2', 5);
INSERT INTO FINANCIERA.CAJA
(ID_CAJA, NOMBRE, SUCURSAL_ID_SUCURSAL)
VALUES(23, 'Caja 3', 5);
INSERT INTO FINANCIERA.CAJA
(ID_CAJA, NOMBRE, SUCURSAL_ID_SUCURSAL)
VALUES(24, 'Caja 4', 5);
INSERT INTO FINANCIERA.CAJA
(ID_CAJA, NOMBRE, SUCURSAL_ID_SUCURSAL)
VALUES(25, 'Caja 5', 5);

--Productos

    --Tarjetas Mastercard
INSERT INTO FINANCIERA.PRODUCTO 
(ID_PRODUCTO) 
VALUES ('5100141543339923');
INSERT INTO FINANCIERA.PRODUCTO 
(ID_PRODUCTO) 
VALUES ('5100148741284728');
INSERT INTO FINANCIERA.PRODUCTO
(ID_PRODUCTO) 
VALUES ('5100133869610011');
INSERT INTO FINANCIERA.PRODUCTO
(ID_PRODUCTO) 
VALUES ('5100136551272677');
INSERT INTO FINANCIERA.PRODUCTO
(ID_PRODUCTO) 
VALUES ('5100178468054368');
INSERT INTO FINANCIERA.PRODUCTO 
(ID_PRODUCTO) 
VALUES ('5100174483271806');
INSERT INTO FINANCIERA.PRODUCTO 
(ID_PRODUCTO) 
VALUES ('5100171317032024');
INSERT INTO FINANCIERA.PRODUCTO 
(ID_PRODUCTO) 
VALUES ('5100130406022510');
INSERT INTO FINANCIERA.PRODUCTO 
(ID_PRODUCTO) 
VALUES ('5100171455407038');
INSERT INTO FINANCIERA.PRODUCTO 
(ID_PRODUCTO) 
VALUES ('5100172685447646');
INSERT INTO FINANCIERA.PRODUCTO 
(ID_PRODUCTO) 
VALUES ('5100174497647884');
INSERT INTO FINANCIERA.PRODUCTO 
(ID_PRODUCTO) 
VALUES ('5100131901238650');
INSERT INTO FINANCIERA.PRODUCTO 
(ID_PRODUCTO) 
VALUES ('5100133130728410');

    --Tarjetas Visa
INSERT INTO FINANCIERA.PRODUCTO 
(ID_PRODUCTO) 
VALUES ('4950624756589759');
INSERT INTO FINANCIERA.PRODUCTO 
(ID_PRODUCTO) 
VALUES ('4041373846280885');
INSERT INTO FINANCIERA.PRODUCTO 
(ID_PRODUCTO) 
VALUES ('4017950290394971');
INSERT INTO FINANCIERA.PRODUCTO 
(ID_PRODUCTO) 
VALUES ('4824430566435918');
INSERT INTO FINANCIERA.PRODUCTO 
(ID_PRODUCTO) 
VALUES ('4017957984136998');
INSERT INTO FINANCIERA.PRODUCTO 
(ID_PRODUCTO) 
VALUES ('4017957745391551');
INSERT INTO FINANCIERA.PRODUCTO 
(ID_PRODUCTO) 
VALUES ('4041376868961266');
INSERT INTO FINANCIERA.PRODUCTO 
(ID_PRODUCTO) 
VALUES ('4081683276554521');
INSERT INTO FINANCIERA.PRODUCTO 
(ID_PRODUCTO) 
VALUES ('4041599887768244');
INSERT INTO FINANCIERA.PRODUCTO 
(ID_PRODUCTO) 
VALUES ('4041374535312690');
INSERT INTO FINANCIERA.PRODUCTO 
(ID_PRODUCTO) 
VALUES ('4443513858024986');
INSERT INTO FINANCIERA.PRODUCTO 
(ID_PRODUCTO) 
VALUES ('4041591834460876');

    --Cuentas de ahorros

INSERT INTO FINANCIERA.PRODUCTO
(ID_PRODUCTO)
VALUES('03223631932');
INSERT INTO FINANCIERA.PRODUCTO
(ID_PRODUCTO)
VALUES('03128280008');
INSERT INTO FINANCIERA.PRODUCTO
(ID_PRODUCTO)
VALUES('03113554471');
INSERT INTO FINANCIERA.PRODUCTO
(ID_PRODUCTO)
VALUES('03235311075');
INSERT INTO FINANCIERA.PRODUCTO
(ID_PRODUCTO)
VALUES('03136155161');
INSERT INTO FINANCIERA.PRODUCTO
(ID_PRODUCTO)
VALUES('03113718845');
INSERT INTO FINANCIERA.PRODUCTO
(ID_PRODUCTO)
VALUES('03044233221');
INSERT INTO FINANCIERA.PRODUCTO
(ID_PRODUCTO)
VALUES('03117548589');
INSERT INTO FINANCIERA.PRODUCTO
(ID_PRODUCTO)
VALUES('03147484759');
INSERT INTO FINANCIERA.PRODUCTO
(ID_PRODUCTO)
VALUES('03178539496');
INSERT INTO FINANCIERA.PRODUCTO
(ID_PRODUCTO)
VALUES('03215185013');
INSERT INTO FINANCIERA.PRODUCTO
(ID_PRODUCTO)
VALUES('03122505668');

    --Cuentas corrientes 

INSERT INTO FINANCIERA.PRODUCTO
(ID_PRODUCTO)
VALUES('9111000096');
INSERT INTO FINANCIERA.PRODUCTO
(ID_PRODUCTO)
VALUES('9111000155');
INSERT INTO FINANCIERA.PRODUCTO
(ID_PRODUCTO)
VALUES('9111000166');
INSERT INTO FINANCIERA.PRODUCTO
(ID_PRODUCTO)
VALUES('9111000181');
INSERT INTO FINANCIERA.PRODUCTO
(ID_PRODUCTO)
VALUES('9111000214');
INSERT INTO FINANCIERA.PRODUCTO
(ID_PRODUCTO)
VALUES('9111000225');
INSERT INTO FINANCIERA.PRODUCTO
(ID_PRODUCTO)
VALUES('9111000236');
INSERT INTO FINANCIERA.PRODUCTO
(ID_PRODUCTO)
VALUES('9111000240');
INSERT INTO FINANCIERA.PRODUCTO
(ID_PRODUCTO)
VALUES('9111000251');
INSERT INTO FINANCIERA.PRODUCTO
(ID_PRODUCTO)
VALUES('9111000262');
INSERT INTO FINANCIERA.PRODUCTO
(ID_PRODUCTO)
VALUES('9111000273');
INSERT INTO FINANCIERA.PRODUCTO
(ID_PRODUCTO)
VALUES('9111000264');
INSERT INTO FINANCIERA.PRODUCTO
(ID_PRODUCTO)
VALUES('9111000295');

    -- Créditos
INSERT INTO FINANCIERA.PRODUCTO
(ID_PRODUCTO)
VALUES('1005');
INSERT INTO FINANCIERA.PRODUCTO
(ID_PRODUCTO)
VALUES('1010');
INSERT INTO FINANCIERA.PRODUCTO
(ID_PRODUCTO)
VALUES('1015');
INSERT INTO FINANCIERA.PRODUCTO
(ID_PRODUCTO)
VALUES('1020');
INSERT INTO FINANCIERA.PRODUCTO
(ID_PRODUCTO)
VALUES('1025');
INSERT INTO FINANCIERA.PRODUCTO
(ID_PRODUCTO)
VALUES('1030');
INSERT INTO FINANCIERA.PRODUCTO
(ID_PRODUCTO)
VALUES('1035');
INSERT INTO FINANCIERA.PRODUCTO
(ID_PRODUCTO)
VALUES('1040');
INSERT INTO FINANCIERA.PRODUCTO
(ID_PRODUCTO)
VALUES('1045');
INSERT INTO FINANCIERA.PRODUCTO
(ID_PRODUCTO)
VALUES('1050');
INSERT INTO FINANCIERA.PRODUCTO
(ID_PRODUCTO)
VALUES('1055');
INSERT INTO FINANCIERA.PRODUCTO
(ID_PRODUCTO)
VALUES('200');
INSERT INTO FINANCIERA.PRODUCTO
(ID_PRODUCTO)
VALUES('205');
INSERT INTO FINANCIERA.PRODUCTO
(ID_PRODUCTO)
VALUES('210');
INSERT INTO FINANCIERA.PRODUCTO
(ID_PRODUCTO)
VALUES('215');
INSERT INTO FINANCIERA.PRODUCTO
(ID_PRODUCTO)
VALUES('220');
INSERT INTO FINANCIERA.PRODUCTO
(ID_PRODUCTO)
VALUES('225');
INSERT INTO FINANCIERA.PRODUCTO
(ID_PRODUCTO)
VALUES('230');
INSERT INTO FINANCIERA.PRODUCTO
(ID_PRODUCTO)
VALUES('235');
INSERT INTO FINANCIERA.PRODUCTO
(ID_PRODUCTO)
VALUES('240');
INSERT INTO FINANCIERA.PRODUCTO
(ID_PRODUCTO)
VALUES('245');
INSERT INTO FINANCIERA.PRODUCTO
(ID_PRODUCTO)
VALUES('250');
INSERT INTO FINANCIERA.PRODUCTO
(ID_PRODUCTO)
VALUES('255');
INSERT INTO FINANCIERA.PRODUCTO
(ID_PRODUCTO)
VALUES('300');
INSERT INTO FINANCIERA.PRODUCTO
(ID_PRODUCTO)
VALUES('305');

    --Seguros
INSERT INTO FINANCIERA.PRODUCTO
(ID_PRODUCTO)
VALUES('5000');
INSERT INTO FINANCIERA.PRODUCTO
(ID_PRODUCTO)
VALUES('5005');
INSERT INTO FINANCIERA.PRODUCTO
(ID_PRODUCTO)
VALUES('5010');
INSERT INTO FINANCIERA.PRODUCTO
(ID_PRODUCTO)
VALUES('5015');
INSERT INTO FINANCIERA.PRODUCTO
(ID_PRODUCTO)
VALUES('5020');
INSERT INTO FINANCIERA.PRODUCTO
(ID_PRODUCTO)
VALUES('5025');
INSERT INTO FINANCIERA.PRODUCTO
(ID_PRODUCTO)
VALUES('5030');
INSERT INTO FINANCIERA.PRODUCTO
(ID_PRODUCTO)
VALUES('5035');
INSERT INTO FINANCIERA.PRODUCTO
(ID_PRODUCTO)
VALUES('5040');
INSERT INTO FINANCIERA.PRODUCTO
(ID_PRODUCTO)
VALUES('5045');
INSERT INTO FINANCIERA.PRODUCTO
(ID_PRODUCTO)
VALUES('5050');
INSERT INTO FINANCIERA.PRODUCTO
(ID_PRODUCTO)
VALUES('5055');
INSERT INTO FINANCIERA.PRODUCTO
(ID_PRODUCTO)
VALUES('5060');
INSERT INTO FINANCIERA.PRODUCTO
(ID_PRODUCTO)
VALUES('5065');
INSERT INTO FINANCIERA.PRODUCTO
(ID_PRODUCTO)
VALUES('5070');
INSERT INTO FINANCIERA.PRODUCTO
(ID_PRODUCTO)
VALUES('5075');
INSERT INTO FINANCIERA.PRODUCTO
(ID_PRODUCTO)
VALUES('5080');
INSERT INTO FINANCIERA.PRODUCTO
(ID_PRODUCTO)
VALUES('5085');
INSERT INTO FINANCIERA.PRODUCTO
(ID_PRODUCTO)
VALUES('5090');
INSERT INTO FINANCIERA.PRODUCTO
(ID_PRODUCTO)
VALUES('5095');
INSERT INTO FINANCIERA.PRODUCTO
(ID_PRODUCTO)
VALUES('6000');
INSERT INTO FINANCIERA.PRODUCTO
(ID_PRODUCTO)
VALUES('6005');
INSERT INTO FINANCIERA.PRODUCTO
(ID_PRODUCTO)
VALUES('6010');
INSERT INTO FINANCIERA.PRODUCTO
(ID_PRODUCTO)
VALUES('6015');
INSERT INTO FINANCIERA.PRODUCTO
(ID_PRODUCTO)
VALUES('6020');

    --Cuentas de empresa

INSERT INTO FINANCIERA.PRODUCTO
(ID_PRODUCTO)
VALUES('9111000314');
INSERT INTO FINANCIERA.PRODUCTO
(ID_PRODUCTO)
VALUES('9111000321');
INSERT INTO FINANCIERA.PRODUCTO
(ID_PRODUCTO)
VALUES('9111000325');
INSERT INTO FINANCIERA.PRODUCTO
(ID_PRODUCTO)
VALUES('9111000333');
INSERT INTO FINANCIERA.PRODUCTO
(ID_PRODUCTO)
VALUES('9111000444');
INSERT INTO FINANCIERA.PRODUCTO
(ID_PRODUCTO)
VALUES('9111000452');
INSERT INTO FINANCIERA.PRODUCTO
(ID_PRODUCTO)
VALUES('9111000542');
INSERT INTO FINANCIERA.PRODUCTO
(ID_PRODUCTO)
VALUES('9111000578');
INSERT INTO FINANCIERA.PRODUCTO
(ID_PRODUCTO)
VALUES('9111000666');
INSERT INTO FINANCIERA.PRODUCTO
(ID_PRODUCTO)
VALUES('9111000777');
INSERT INTO FINANCIERA.PRODUCTO
(ID_PRODUCTO)
VALUES('9111000778');
INSERT INTO FINANCIERA.PRODUCTO
(ID_PRODUCTO)
VALUES('9111000824');
INSERT INTO FINANCIERA.PRODUCTO
(ID_PRODUCTO)
VALUES('9111000103');
INSERT INTO FINANCIERA.PRODUCTO
(ID_PRODUCTO)
VALUES('9111000104');
INSERT INTO FINANCIERA.PRODUCTO
(ID_PRODUCTO)
VALUES('9111000105');
INSERT INTO FINANCIERA.PRODUCTO
(ID_PRODUCTO)
VALUES('9111000106');
INSERT INTO FINANCIERA.PRODUCTO
(ID_PRODUCTO)
VALUES('9111000107');
INSERT INTO FINANCIERA.PRODUCTO
(ID_PRODUCTO)
VALUES('9111000108');
INSERT INTO FINANCIERA.PRODUCTO
(ID_PRODUCTO)
VALUES('9111000109');
INSERT INTO FINANCIERA.PRODUCTO
(ID_PRODUCTO)
VALUES('9111000110');
INSERT INTO FINANCIERA.PRODUCTO
(ID_PRODUCTO)
VALUES
('9111000857');
INSERT INTO FINANCIERA.PRODUCTO
(ID_PRODUCTO)
VALUES('9111000889');
INSERT INTO FINANCIERA.PRODUCTO
(ID_PRODUCTO)
VALUES('9111000995');
INSERT INTO FINANCIERA.PRODUCTO
(ID_PRODUCTO)
VALUES('9111000101');
INSERT INTO FINANCIERA.PRODUCTO
(ID_PRODUCTO)
VALUES('9111000102');


INSERT INTO FINANCIERA.PRODUCTO
(ID_PRODUCTO)
VALUES('9111000120');
INSERT INTO FINANCIERA.PRODUCTO
(ID_PRODUCTO)
VALUES('9111000121');
INSERT INTO FINANCIERA.PRODUCTO
(ID_PRODUCTO)
VALUES('9111000122');
INSERT INTO FINANCIERA.PRODUCTO
(ID_PRODUCTO)
VALUES('9111000123');
INSERT INTO FINANCIERA.PRODUCTO
(ID_PRODUCTO)
VALUES('9111000124');
INSERT INTO FINANCIERA.PRODUCTO
(ID_PRODUCTO)
VALUES('9111000125');
INSERT INTO FINANCIERA.PRODUCTO
(ID_PRODUCTO)
VALUES('9111000126');
INSERT INTO FINANCIERA.PRODUCTO
(ID_PRODUCTO)
VALUES('9111000127');
INSERT INTO FINANCIERA.PRODUCTO
(ID_PRODUCTO)
VALUES('9111000128');


--Tarjetas de crédito
INSERT INTO FINANCIERA.TARJETA_DE_CREDITO
(FECHA_DE_VENCIMIENTO, CODIGO_CVV, CLIENTE_PERSONA_CEDULA, CUPO, CUPO_UTILIZADO, PRODUCTO_ID_PRODUCTO, TIPO_ID_TIPO)
VALUES(TIMESTAMP '2026-11-10 23:59:00.000000', 145, '1005094652', 2000000, 1000000, '5100130406022510', '36');
INSERT INTO FINANCIERA.TARJETA_DE_CREDITO
(FECHA_DE_VENCIMIENTO, CODIGO_CVV, CLIENTE_PERSONA_CEDULA, CUPO, CUPO_UTILIZADO, PRODUCTO_ID_PRODUCTO, TIPO_ID_TIPO)
VALUES(TIMESTAMP '2026-11-12 23:59:00.000000', 354, '1005094652', 3000000, 750000, '5100133869610011', '36');
INSERT INTO FINANCIERA.TARJETA_DE_CREDITO
(FECHA_DE_VENCIMIENTO, CODIGO_CVV, CLIENTE_PERSONA_CEDULA, CUPO, CUPO_UTILIZADO, PRODUCTO_ID_PRODUCTO, TIPO_ID_TIPO)
VALUES(TIMESTAMP '2026-11-13 23:59:00.000000', 521, '1005478621', 4000000, 2370000, '5100136551272677', '36');
INSERT INTO FINANCIERA.TARJETA_DE_CREDITO
(FECHA_DE_VENCIMIENTO, CODIGO_CVV, CLIENTE_PERSONA_CEDULA, CUPO, CUPO_UTILIZADO, PRODUCTO_ID_PRODUCTO, TIPO_ID_TIPO)
VALUES(TIMESTAMP '2026-11-14 23:55:34.000000', 968, '1010120024', 5000000, 2000000, '5100141543339923', '36');
INSERT INTO FINANCIERA.TARJETA_DE_CREDITO
(FECHA_DE_VENCIMIENTO, CODIGO_CVV, CLIENTE_PERSONA_CEDULA, CUPO, CUPO_UTILIZADO, PRODUCTO_ID_PRODUCTO, TIPO_ID_TIPO)
VALUES(TIMESTAMP '2026-11-15 23:59:00.000000', 225, '1010120123', 6000000, 3250000, '5100148741284728', '36');
INSERT INTO FINANCIERA.TARJETA_DE_CREDITO
(FECHA_DE_VENCIMIENTO, CODIGO_CVV, CLIENTE_PERSONA_CEDULA, CUPO, CUPO_UTILIZADO, PRODUCTO_ID_PRODUCTO, TIPO_ID_TIPO)
VALUES(TIMESTAMP '2026-11-16 23:59:00.000000', 554, '1010124210', 7000000, 1400000, '5100171317032024', '36');
INSERT INTO FINANCIERA.TARJETA_DE_CREDITO
(FECHA_DE_VENCIMIENTO, CODIGO_CVV, CLIENTE_PERSONA_CEDULA, CUPO, CUPO_UTILIZADO, PRODUCTO_ID_PRODUCTO, TIPO_ID_TIPO)
VALUES(TIMESTAMP '2026-11-17 23:59:00.000000', 544, '1010124568', 15000000, 5760000, '5100171455407038', '36');
INSERT INTO FINANCIERA.TARJETA_DE_CREDITO
(FECHA_DE_VENCIMIENTO, CODIGO_CVV, CLIENTE_PERSONA_CEDULA, CUPO, CUPO_UTILIZADO, PRODUCTO_ID_PRODUCTO, TIPO_ID_TIPO)
VALUES(TIMESTAMP '2022-11-18 23:59:00.000000', 752, '1010124887', 1200000, 300000, '5100174483271806', '36');
INSERT INTO FINANCIERA.TARJETA_DE_CREDITO
(FECHA_DE_VENCIMIENTO, CODIGO_CVV, CLIENTE_PERSONA_CEDULA, CUPO, CUPO_UTILIZADO, PRODUCTO_ID_PRODUCTO, TIPO_ID_TIPO)
VALUES(TIMESTAMP '2026-11-19 23:59:00.000000', 642, '10101254478', 2750000, 690000, '5100178468054368', '36');
INSERT INTO FINANCIERA.TARJETA_DE_CREDITO
(FECHA_DE_VENCIMIENTO, CODIGO_CVV, CLIENTE_PERSONA_CEDULA, CUPO, CUPO_UTILIZADO, PRODUCTO_ID_PRODUCTO, TIPO_ID_TIPO)
VALUES(TIMESTAMP '2026-11-19 23:59:00.798000', 245, '1030452789', 4780000.0, 4000000.0, '5100174497647884', '36');
INSERT INTO FINANCIERA.TARJETA_DE_CREDITO
(FECHA_DE_VENCIMIENTO, CODIGO_CVV, CLIENTE_PERSONA_CEDULA, CUPO, CUPO_UTILIZADO, PRODUCTO_ID_PRODUCTO, TIPO_ID_TIPO)
VALUES(TIMESTAMP '2026-11-19 23:59:00.775000', 254, '1030647982', 15000000, 5000000.0, '5100131901238650', '36');
INSERT INTO FINANCIERA.TARJETA_DE_CREDITO
(FECHA_DE_VENCIMIENTO, CODIGO_CVV, CLIENTE_PERSONA_CEDULA, CUPO, CUPO_UTILIZADO, PRODUCTO_ID_PRODUCTO, TIPO_ID_TIPO)
VALUES(TIMESTAMP '2026-11-19 23:59:00.830000', 214, '1034568997', 32000000, 16000000, '5100172685447646', '36');
INSERT INTO FINANCIERA.TARJETA_DE_CREDITO
(FECHA_DE_VENCIMIENTO, CODIGO_CVV, CLIENTE_PERSONA_CEDULA, CUPO, CUPO_UTILIZADO, PRODUCTO_ID_PRODUCTO, TIPO_ID_TIPO)
VALUES(TIMESTAMP '2026-11-19 23:59:00.447000', 157, '1040562781', 16500000, 2600000.0, '5100133130728410', '36');
INSERT INTO FINANCIERA.TARJETA_DE_CREDITO
(FECHA_DE_VENCIMIENTO, CODIGO_CVV, CLIENTE_PERSONA_CEDULA, CUPO, CUPO_UTILIZADO, PRODUCTO_ID_PRODUCTO, TIPO_ID_TIPO)
VALUES(TIMESTAMP '2026-11-20 23:59:00.261000', 124, '1010152264', 9000000.0, 2400000.0, '4017950290394971', '35');
INSERT INTO FINANCIERA.TARJETA_DE_CREDITO
(FECHA_DE_VENCIMIENTO, CODIGO_CVV, CLIENTE_PERSONA_CEDULA, CUPO, CUPO_UTILIZADO, PRODUCTO_ID_PRODUCTO, TIPO_ID_TIPO)
VALUES(TIMESTAMP '2026-11-20 23:59:00.608000', 451, '1010152453', 3600000.0, 1600000.0, '4017957745391551', '35');
INSERT INTO FINANCIERA.TARJETA_DE_CREDITO
(FECHA_DE_VENCIMIENTO, CODIGO_CVV, CLIENTE_PERSONA_CEDULA, CUPO, CUPO_UTILIZADO, PRODUCTO_ID_PRODUCTO, TIPO_ID_TIPO)
VALUES(TIMESTAMP '2026-11-20 23:59:00.572000', 545, '1010153361', 1000000.0, 650000.0, '4017957984136998', '35');
INSERT INTO FINANCIERA.TARJETA_DE_CREDITO
(FECHA_DE_VENCIMIENTO, CODIGO_CVV, CLIENTE_PERSONA_CEDULA, CUPO, CUPO_UTILIZADO, PRODUCTO_ID_PRODUCTO, TIPO_ID_TIPO)
VALUES(TIMESTAMP '2026-11-20 23:59:00.538000', 142, '1010156647', 8500000.0, 500000.0, '4041373846280885', '35');
INSERT INTO FINANCIERA.TARJETA_DE_CREDITO
(FECHA_DE_VENCIMIENTO, CODIGO_CVV, CLIENTE_PERSONA_CEDULA, CUPO, CUPO_UTILIZADO, PRODUCTO_ID_PRODUCTO, TIPO_ID_TIPO)
VALUES(TIMESTAMP '2026-11-21 23:59:00.060000', 144, '1012456789', 9700000.0, 2640000.0, '4041376868961266', '35');
INSERT INTO FINANCIERA.TARJETA_DE_CREDITO
(FECHA_DE_VENCIMIENTO, CODIGO_CVV, CLIENTE_PERSONA_CEDULA, CUPO, CUPO_UTILIZADO, PRODUCTO_ID_PRODUCTO, TIPO_ID_TIPO)
VALUES(TIMESTAMP '2026-11-22 23:59:00.423000', 152, '1020145875', 5200000.0, 2400000.0, '4041599887768244', '35');
INSERT INTO FINANCIERA.TARJETA_DE_CREDITO
(FECHA_DE_VENCIMIENTO, CODIGO_CVV, CLIENTE_PERSONA_CEDULA, CUPO, CUPO_UTILIZADO, PRODUCTO_ID_PRODUCTO, TIPO_ID_TIPO)
VALUES(TIMESTAMP '2022-11-23 23:59:00.919000', 112, '1020567498', 7990000.0, 6420000.0, '4081683276554521', '35');
INSERT INTO FINANCIERA.TARJETA_DE_CREDITO
(FECHA_DE_VENCIMIENTO, CODIGO_CVV, CLIENTE_PERSONA_CEDULA, CUPO, CUPO_UTILIZADO, PRODUCTO_ID_PRODUCTO, TIPO_ID_TIPO)
VALUES(TIMESTAMP '2022-11-24 23:59:00.584000', 865, '1023564789', 5630000.0, 3700000.0, '4824430566435918', '35');
INSERT INTO FINANCIERA.TARJETA_DE_CREDITO
(FECHA_DE_VENCIMIENTO, CODIGO_CVV, CLIENTE_PERSONA_CEDULA, CUPO, CUPO_UTILIZADO, PRODUCTO_ID_PRODUCTO, TIPO_ID_TIPO)
VALUES(TIMESTAMP '2026-11-25 23:59:00.143000', 121, '1024568772', 3000000.0, 2900000.0, '4950624756589759', '35');
INSERT INTO FINANCIERA.TARJETA_DE_CREDITO
(FECHA_DE_VENCIMIENTO, CODIGO_CVV, CLIENTE_PERSONA_CEDULA, CUPO, CUPO_UTILIZADO, PRODUCTO_ID_PRODUCTO, TIPO_ID_TIPO)
VALUES(TIMESTAMP '2026-11-25 23:59:00.637000', 321, '1050142265', 2000000.0, 1500000.0, '4041374535312690', '35');
INSERT INTO FINANCIERA.TARJETA_DE_CREDITO
(FECHA_DE_VENCIMIENTO, CODIGO_CVV, CLIENTE_PERSONA_CEDULA, CUPO, CUPO_UTILIZADO, PRODUCTO_ID_PRODUCTO, TIPO_ID_TIPO)
VALUES(TIMESTAMP '2026-11-25 23:59:00.885000', 268, '1050674235', 9800000.0, 6000000.0, '4443513858024986', '35');
INSERT INTO FINANCIERA.TARJETA_DE_CREDITO
(FECHA_DE_VENCIMIENTO, CODIGO_CVV, CLIENTE_PERSONA_CEDULA, CUPO, CUPO_UTILIZADO, PRODUCTO_ID_PRODUCTO, TIPO_ID_TIPO)
VALUES(TIMESTAMP '2026-11-25 23:59:00.138000', 346, '1067429873', 2600000.0, 2000000.0, '4041591834460876', '35');


--Cuentas
INSERT INTO FINANCIERA.CUENTA
(SALDO, CLIENTE_PERSONA_CEDULA, TIPO_ID_TIPO, PRODUCTO_ID_PRODUCTO, EMPRESA_ID_EMPRESA)
VALUES(25000000, '1005094652', '13', '03044233221', NULL);
INSERT INTO FINANCIERA.CUENTA
(SALDO, CLIENTE_PERSONA_CEDULA, TIPO_ID_TIPO, PRODUCTO_ID_PRODUCTO, EMPRESA_ID_EMPRESA)
VALUES(20000000, '1005478621', '13', '03113554471', NULL);
INSERT INTO FINANCIERA.CUENTA
(SALDO, CLIENTE_PERSONA_CEDULA, TIPO_ID_TIPO, PRODUCTO_ID_PRODUCTO, EMPRESA_ID_EMPRESA)
VALUES(15000000, '1010120024', '13', '03113718845', NULL);
INSERT INTO FINANCIERA.CUENTA
(SALDO, CLIENTE_PERSONA_CEDULA, TIPO_ID_TIPO, PRODUCTO_ID_PRODUCTO, EMPRESA_ID_EMPRESA)
VALUES(10000000, '1010120123', '13', '03117548589', NULL);
INSERT INTO FINANCIERA.CUENTA
(SALDO, CLIENTE_PERSONA_CEDULA, TIPO_ID_TIPO, PRODUCTO_ID_PRODUCTO, EMPRESA_ID_EMPRESA)
VALUES(9000000, '1010124210', '13', '03122505668', NULL);
INSERT INTO FINANCIERA.CUENTA
(SALDO, CLIENTE_PERSONA_CEDULA, TIPO_ID_TIPO, PRODUCTO_ID_PRODUCTO, EMPRESA_ID_EMPRESA)
VALUES(8000000, '1010124568', '13', '03128280008', NULL);
INSERT INTO FINANCIERA.CUENTA
(SALDO, CLIENTE_PERSONA_CEDULA, TIPO_ID_TIPO, PRODUCTO_ID_PRODUCTO, EMPRESA_ID_EMPRESA)
VALUES(7000000, '1010124887', '13', '03136155161', NULL);
INSERT INTO FINANCIERA.CUENTA
(SALDO, CLIENTE_PERSONA_CEDULA, TIPO_ID_TIPO, PRODUCTO_ID_PRODUCTO, EMPRESA_ID_EMPRESA)
VALUES(6000000, '10101254478', '13', '03147484759', NULL);
INSERT INTO FINANCIERA.CUENTA
(SALDO, CLIENTE_PERSONA_CEDULA, TIPO_ID_TIPO, PRODUCTO_ID_PRODUCTO, EMPRESA_ID_EMPRESA)
VALUES(5000000, '1010152264', '13', '03178539496', NULL);
INSERT INTO FINANCIERA.CUENTA
(SALDO, CLIENTE_PERSONA_CEDULA, TIPO_ID_TIPO, PRODUCTO_ID_PRODUCTO, EMPRESA_ID_EMPRESA)
VALUES(4000000, '1010152453', '13', '03215185013', NULL);
INSERT INTO FINANCIERA.CUENTA
(SALDO, CLIENTE_PERSONA_CEDULA, TIPO_ID_TIPO, PRODUCTO_ID_PRODUCTO, EMPRESA_ID_EMPRESA)
VALUES(3000000, '1010153361', '13', '03223631932', NULL);
INSERT INTO FINANCIERA.CUENTA
(SALDO, CLIENTE_PERSONA_CEDULA, TIPO_ID_TIPO, PRODUCTO_ID_PRODUCTO, EMPRESA_ID_EMPRESA)
VALUES(2000000, '1010156647', '13', '03235311075', NULL);
INSERT INTO FINANCIERA.CUENTA
(SALDO, CLIENTE_PERSONA_CEDULA, TIPO_ID_TIPO, PRODUCTO_ID_PRODUCTO, EMPRESA_ID_EMPRESA)
VALUES(1000000, '1012456789', '14', '9111000096', NULL);
INSERT INTO FINANCIERA.CUENTA
(SALDO, CLIENTE_PERSONA_CEDULA, TIPO_ID_TIPO, PRODUCTO_ID_PRODUCTO, EMPRESA_ID_EMPRESA)
VALUES(900000, '1020145875', '14', '9111000155', NULL);
INSERT INTO FINANCIERA.CUENTA
(SALDO, CLIENTE_PERSONA_CEDULA, TIPO_ID_TIPO, PRODUCTO_ID_PRODUCTO, EMPRESA_ID_EMPRESA)
VALUES(800000, '1020567498', '14', '9111000166', NULL);
INSERT INTO FINANCIERA.CUENTA
(SALDO, CLIENTE_PERSONA_CEDULA, TIPO_ID_TIPO, PRODUCTO_ID_PRODUCTO, EMPRESA_ID_EMPRESA)
VALUES(700000, '1023564789', '14', '9111000181', NULL);
INSERT INTO FINANCIERA.CUENTA
(SALDO, CLIENTE_PERSONA_CEDULA, TIPO_ID_TIPO, PRODUCTO_ID_PRODUCTO, EMPRESA_ID_EMPRESA)
VALUES(600000, '1024568772', '14', '9111000214', NULL);
INSERT INTO FINANCIERA.CUENTA
(SALDO, CLIENTE_PERSONA_CEDULA, TIPO_ID_TIPO, PRODUCTO_ID_PRODUCTO, EMPRESA_ID_EMPRESA)
VALUES(500000, '1030452789', '14', '9111000225', NULL);
INSERT INTO FINANCIERA.CUENTA
(SALDO, CLIENTE_PERSONA_CEDULA, TIPO_ID_TIPO, PRODUCTO_ID_PRODUCTO, EMPRESA_ID_EMPRESA)
VALUES(400000, '1030647982', '14', '9111000236', NULL);
INSERT INTO FINANCIERA.CUENTA
(SALDO, CLIENTE_PERSONA_CEDULA, TIPO_ID_TIPO, PRODUCTO_ID_PRODUCTO, EMPRESA_ID_EMPRESA)
VALUES(300000, '1034568997', '14', '9111000240', NULL);
INSERT INTO FINANCIERA.CUENTA
(SALDO, CLIENTE_PERSONA_CEDULA, TIPO_ID_TIPO, PRODUCTO_ID_PRODUCTO, EMPRESA_ID_EMPRESA)
VALUES(200000, '1040562781', '14', '9111000251', NULL);
INSERT INTO FINANCIERA.CUENTA
(SALDO, CLIENTE_PERSONA_CEDULA, TIPO_ID_TIPO, PRODUCTO_ID_PRODUCTO, EMPRESA_ID_EMPRESA)
VALUES(150000, '1050142265', '14', '9111000262', NULL);
INSERT INTO FINANCIERA.CUENTA
(SALDO, CLIENTE_PERSONA_CEDULA, TIPO_ID_TIPO, PRODUCTO_ID_PRODUCTO, EMPRESA_ID_EMPRESA)
VALUES(100000, '1050674235', '14', '9111000264', NULL);
INSERT INTO FINANCIERA.CUENTA
(SALDO, CLIENTE_PERSONA_CEDULA, TIPO_ID_TIPO, PRODUCTO_ID_PRODUCTO, EMPRESA_ID_EMPRESA)
VALUES(80000, '1067429873', '14', '9111000273', NULL);
INSERT INTO FINANCIERA.CUENTA
(SALDO, CLIENTE_PERSONA_CEDULA, TIPO_ID_TIPO, PRODUCTO_ID_PRODUCTO, EMPRESA_ID_EMPRESA)
VALUES(55000, '1090457881', '14', '9111000295', NULL);
INSERT INTO FINANCIERA.CUENTA
(SALDO, CLIENTE_PERSONA_CEDULA, TIPO_ID_TIPO, PRODUCTO_ID_PRODUCTO, EMPRESA_ID_EMPRESA)
VALUES(0, NULL, '14', '9111000314', 1);
INSERT INTO FINANCIERA.CUENTA
(SALDO, CLIENTE_PERSONA_CEDULA, TIPO_ID_TIPO, PRODUCTO_ID_PRODUCTO, EMPRESA_ID_EMPRESA)
VALUES(0, NULL, '14', '9111000321', 2);
INSERT INTO FINANCIERA.CUENTA
(SALDO, CLIENTE_PERSONA_CEDULA, TIPO_ID_TIPO, PRODUCTO_ID_PRODUCTO, EMPRESA_ID_EMPRESA)
VALUES(0, NULL, '14', '9111000325', 3);
INSERT INTO FINANCIERA.CUENTA
(SALDO, CLIENTE_PERSONA_CEDULA, TIPO_ID_TIPO, PRODUCTO_ID_PRODUCTO, EMPRESA_ID_EMPRESA)
VALUES(0, NULL, '14', '9111000333', 4);
INSERT INTO FINANCIERA.CUENTA
(SALDO, CLIENTE_PERSONA_CEDULA, TIPO_ID_TIPO, PRODUCTO_ID_PRODUCTO, EMPRESA_ID_EMPRESA)
VALUES(0, NULL, '14', '9111000444', 5);
INSERT INTO FINANCIERA.CUENTA
(SALDO, CLIENTE_PERSONA_CEDULA, TIPO_ID_TIPO, PRODUCTO_ID_PRODUCTO, EMPRESA_ID_EMPRESA)
VALUES(0, NULL, '14', '9111000452', 6);
INSERT INTO FINANCIERA.CUENTA
(SALDO, CLIENTE_PERSONA_CEDULA, TIPO_ID_TIPO, PRODUCTO_ID_PRODUCTO, EMPRESA_ID_EMPRESA)
VALUES(0, NULL, '14', '9111000542', 7);
INSERT INTO FINANCIERA.CUENTA
(SALDO, CLIENTE_PERSONA_CEDULA, TIPO_ID_TIPO, PRODUCTO_ID_PRODUCTO, EMPRESA_ID_EMPRESA)
VALUES(0, NULL, '14', '9111000578', 8);
INSERT INTO FINANCIERA.CUENTA
(SALDO, CLIENTE_PERSONA_CEDULA, TIPO_ID_TIPO, PRODUCTO_ID_PRODUCTO, EMPRESA_ID_EMPRESA)
VALUES(0, NULL, '14', '9111000666', 9);
INSERT INTO FINANCIERA.CUENTA
(SALDO, CLIENTE_PERSONA_CEDULA, TIPO_ID_TIPO, PRODUCTO_ID_PRODUCTO, EMPRESA_ID_EMPRESA)
VALUES(0, NULL, '14', '9111000777', 10);
INSERT INTO FINANCIERA.CUENTA
(SALDO, CLIENTE_PERSONA_CEDULA, TIPO_ID_TIPO, PRODUCTO_ID_PRODUCTO, EMPRESA_ID_EMPRESA)
VALUES(0, NULL, '14', '9111000778', 11);
INSERT INTO FINANCIERA.CUENTA
(SALDO, CLIENTE_PERSONA_CEDULA, TIPO_ID_TIPO, PRODUCTO_ID_PRODUCTO, EMPRESA_ID_EMPRESA)
VALUES(0, NULL, '14', '9111000824', 12);
INSERT INTO FINANCIERA.CUENTA
(SALDO, CLIENTE_PERSONA_CEDULA, TIPO_ID_TIPO, PRODUCTO_ID_PRODUCTO, EMPRESA_ID_EMPRESA)
VALUES(0, NULL, '14', '9111000857', 13);
INSERT INTO FINANCIERA.CUENTA
(SALDO, CLIENTE_PERSONA_CEDULA, TIPO_ID_TIPO, PRODUCTO_ID_PRODUCTO, EMPRESA_ID_EMPRESA)
VALUES(0, NULL, '14', '9111000889', 14);
INSERT INTO FINANCIERA.CUENTA
(SALDO, CLIENTE_PERSONA_CEDULA, TIPO_ID_TIPO, PRODUCTO_ID_PRODUCTO, EMPRESA_ID_EMPRESA)
VALUES(0, NULL, '14', '9111000995', 15);
INSERT INTO FINANCIERA.CUENTA
(SALDO, CLIENTE_PERSONA_CEDULA, TIPO_ID_TIPO, PRODUCTO_ID_PRODUCTO, EMPRESA_ID_EMPRESA)
VALUES(0, NULL, '14', '9111000120', 16);
INSERT INTO FINANCIERA.CUENTA
(SALDO, CLIENTE_PERSONA_CEDULA, TIPO_ID_TIPO, PRODUCTO_ID_PRODUCTO, EMPRESA_ID_EMPRESA)
VALUES(0, NULL, '14', '9111000121', 17);
INSERT INTO FINANCIERA.CUENTA
(SALDO, CLIENTE_PERSONA_CEDULA, TIPO_ID_TIPO, PRODUCTO_ID_PRODUCTO, EMPRESA_ID_EMPRESA)
VALUES(0, NULL, '14', '9111000122', 18);
INSERT INTO FINANCIERA.CUENTA
(SALDO, CLIENTE_PERSONA_CEDULA, TIPO_ID_TIPO, PRODUCTO_ID_PRODUCTO, EMPRESA_ID_EMPRESA)
VALUES(0, NULL, '14', '9111000123', 19);
INSERT INTO FINANCIERA.CUENTA
(SALDO, CLIENTE_PERSONA_CEDULA, TIPO_ID_TIPO, PRODUCTO_ID_PRODUCTO, EMPRESA_ID_EMPRESA)
VALUES(0, NULL, '14', '9111000124', 20);
INSERT INTO FINANCIERA.CUENTA
(SALDO, CLIENTE_PERSONA_CEDULA, TIPO_ID_TIPO, PRODUCTO_ID_PRODUCTO, EMPRESA_ID_EMPRESA)
VALUES(0, NULL, '14', '9111000125', 21);
INSERT INTO FINANCIERA.CUENTA
(SALDO, CLIENTE_PERSONA_CEDULA, TIPO_ID_TIPO, PRODUCTO_ID_PRODUCTO, EMPRESA_ID_EMPRESA)
VALUES(0, NULL, '14', '9111000126', 23);
INSERT INTO FINANCIERA.CUENTA
(SALDO, CLIENTE_PERSONA_CEDULA, TIPO_ID_TIPO, PRODUCTO_ID_PRODUCTO, EMPRESA_ID_EMPRESA)
VALUES(0, NULL, '14', '9111000127', 24);
INSERT INTO FINANCIERA.CUENTA
(SALDO, CLIENTE_PERSONA_CEDULA, TIPO_ID_TIPO, PRODUCTO_ID_PRODUCTO, EMPRESA_ID_EMPRESA)
VALUES(0, NULL, '14', '9111000128', 25);




--Formas de pago 
INSERT INTO FINANCIERA.FORMA_PAGO
(FORMA_PAGO)
VALUES('Anual');
INSERT INTO FINANCIERA.FORMA_PAGO
(FORMA_PAGO)
VALUES('Semestral');
INSERT INTO FINANCIERA.FORMA_PAGO
(FORMA_PAGO)
VALUES('Cuatrimestral');
INSERT INTO FINANCIERA.FORMA_PAGO
(FORMA_PAGO)
VALUES('Trimestral');
INSERT INTO FINANCIERA.FORMA_PAGO
(FORMA_PAGO)
VALUES('Bimestral');
INSERT INTO FINANCIERA.FORMA_PAGO
(FORMA_PAGO)
VALUES('Mensual');
INSERT INTO FINANCIERA.FORMA_PAGO
(FORMA_PAGO)
VALUES('Bimensual');
INSERT INTO FINANCIERA.FORMA_PAGO
(FORMA_PAGO)
VALUES('Semanal');

--Créditos
INSERT INTO FINANCIERA.CREDITO
(PRODUCTO_ID_PRODUCTO, TASA_INTERES, PLAZO, FORMA_PAGO_FORMA_PAGO, TIPO_ID_TIPO, MONTO_PRESTAMO, PERSONA_CEDULA)
VALUES('1005', 2.28, 24, 'Mensual', '20', 100000.0, '1005094652');
INSERT INTO FINANCIERA.CREDITO
(PRODUCTO_ID_PRODUCTO, TASA_INTERES, PLAZO, FORMA_PAGO_FORMA_PAGO, TIPO_ID_TIPO, MONTO_PRESTAMO, PERSONA_CEDULA)
VALUES('1010', 2.28, 36, 'Mensual', '20', 500000.0, '1005478621');
INSERT INTO FINANCIERA.CREDITO
(PRODUCTO_ID_PRODUCTO, TASA_INTERES, PLAZO, FORMA_PAGO_FORMA_PAGO, TIPO_ID_TIPO, MONTO_PRESTAMO, PERSONA_CEDULA)
VALUES('1015', 31.07, 48, 'Anual', '20', 2000000.0, '1010120024');
INSERT INTO FINANCIERA.CREDITO
(PRODUCTO_ID_PRODUCTO, TASA_INTERES, PLAZO, FORMA_PAGO_FORMA_PAGO, TIPO_ID_TIPO, MONTO_PRESTAMO, PERSONA_CEDULA)
VALUES('1020', 31.07, 60, 'Anual', '20', 4000000.0, '1010120123');
INSERT INTO FINANCIERA.CREDITO
(PRODUCTO_ID_PRODUCTO, TASA_INTERES, PLAZO, FORMA_PAGO_FORMA_PAGO, TIPO_ID_TIPO, MONTO_PRESTAMO, PERSONA_CEDULA)
VALUES('1025', 31.07, 72, 'Anual', '20', 8000000.0, '1010124210');
INSERT INTO FINANCIERA.CREDITO
(PRODUCTO_ID_PRODUCTO, TASA_INTERES, PLAZO, FORMA_PAGO_FORMA_PAGO, TIPO_ID_TIPO, MONTO_PRESTAMO, PERSONA_CEDULA)
VALUES('1030', 6.55, 60, 'Mensual', '21', 70000000, '1010124568');
INSERT INTO FINANCIERA.CREDITO
(PRODUCTO_ID_PRODUCTO, TASA_INTERES, PLAZO, FORMA_PAGO_FORMA_PAGO, TIPO_ID_TIPO, MONTO_PRESTAMO, PERSONA_CEDULA)
VALUES('1035', 6.55, 60, 'Mensual', '21', 100000000, '1010124887');
INSERT INTO FINANCIERA.CREDITO
(PRODUCTO_ID_PRODUCTO, TASA_INTERES, PLAZO, FORMA_PAGO_FORMA_PAGO, TIPO_ID_TIPO, MONTO_PRESTAMO, PERSONA_CEDULA)
VALUES('1040', 14.65, 72, 'Anual', '21', 120000000, '10101254478');
INSERT INTO FINANCIERA.CREDITO
(PRODUCTO_ID_PRODUCTO, TASA_INTERES, PLAZO, FORMA_PAGO_FORMA_PAGO, TIPO_ID_TIPO, MONTO_PRESTAMO, PERSONA_CEDULA)
VALUES('1045', 14.65, 72, 'Anual', '21', 150000000, '1010152264');
INSERT INTO FINANCIERA.CREDITO
(PRODUCTO_ID_PRODUCTO, TASA_INTERES, PLAZO, FORMA_PAGO_FORMA_PAGO, TIPO_ID_TIPO, MONTO_PRESTAMO, PERSONA_CEDULA)
VALUES('1050', 1.14, 84, 'Bimensual', '21', 170000000, '1010152453');
INSERT INTO FINANCIERA.CREDITO
(PRODUCTO_ID_PRODUCTO, TASA_INTERES, PLAZO, FORMA_PAGO_FORMA_PAGO, TIPO_ID_TIPO, MONTO_PRESTAMO, PERSONA_CEDULA)
VALUES('1055', 3.24, 60, 'Cuatrimestral', '22', 50000000, '1010153361');
INSERT INTO FINANCIERA.CREDITO
(PRODUCTO_ID_PRODUCTO, TASA_INTERES, PLAZO, FORMA_PAGO_FORMA_PAGO, TIPO_ID_TIPO, MONTO_PRESTAMO, PERSONA_CEDULA)
VALUES('200', 3.24, 60, 'Cuatrimestral', '22', 70000000, '1010156647');
INSERT INTO FINANCIERA.CREDITO
(PRODUCTO_ID_PRODUCTO, TASA_INTERES, PLAZO, FORMA_PAGO_FORMA_PAGO, TIPO_ID_TIPO, MONTO_PRESTAMO, PERSONA_CEDULA)
VALUES('205', 3.24, 60, 'Cuatrimestral', '22', 90000000, '1012456789');
INSERT INTO FINANCIERA.CREDITO
(PRODUCTO_ID_PRODUCTO, TASA_INTERES, PLAZO, FORMA_PAGO_FORMA_PAGO, TIPO_ID_TIPO, MONTO_PRESTAMO, PERSONA_CEDULA)
VALUES('210', 7.55, 60, 'Semestral', '22', 100000000, '1020145875');
INSERT INTO FINANCIERA.CREDITO
(PRODUCTO_ID_PRODUCTO, TASA_INTERES, PLAZO, FORMA_PAGO_FORMA_PAGO, TIPO_ID_TIPO, MONTO_PRESTAMO, PERSONA_CEDULA)
VALUES('215', 7.05, 60, 'Semestral', '22', 120000000, '1020567498');
INSERT INTO FINANCIERA.CREDITO
(PRODUCTO_ID_PRODUCTO, TASA_INTERES, PLAZO, FORMA_PAGO_FORMA_PAGO, TIPO_ID_TIPO, MONTO_PRESTAMO, PERSONA_CEDULA)
VALUES('220', 3.52, 60, 'Mensual', '23', 90000000, '1023564789');
INSERT INTO FINANCIERA.CREDITO
(PRODUCTO_ID_PRODUCTO, TASA_INTERES, PLAZO, FORMA_PAGO_FORMA_PAGO, TIPO_ID_TIPO, MONTO_PRESTAMO, PERSONA_CEDULA)
VALUES('225', 3.52, 60, 'Mensual', '23', 100000000, '1024568772');
INSERT INTO FINANCIERA.CREDITO
(PRODUCTO_ID_PRODUCTO, TASA_INTERES, PLAZO, FORMA_PAGO_FORMA_PAGO, TIPO_ID_TIPO, MONTO_PRESTAMO, PERSONA_CEDULA)
VALUES('230', 2.98, 60, 'Mensual', '23', 120000000, '1030452789');
INSERT INTO FINANCIERA.CREDITO
(PRODUCTO_ID_PRODUCTO, TASA_INTERES, PLAZO, FORMA_PAGO_FORMA_PAGO, TIPO_ID_TIPO, MONTO_PRESTAMO, PERSONA_CEDULA)
VALUES('235', 2.98, 60, 'Mensual', '23', 130000000, '1030647982');
INSERT INTO FINANCIERA.CREDITO
(PRODUCTO_ID_PRODUCTO, TASA_INTERES, PLAZO, FORMA_PAGO_FORMA_PAGO, TIPO_ID_TIPO, MONTO_PRESTAMO, PERSONA_CEDULA)
VALUES('240', 1.56, 60, 'Mensual', '23', 140000000, '1034568997');
INSERT INTO FINANCIERA.CREDITO
(PRODUCTO_ID_PRODUCTO, TASA_INTERES, PLAZO, FORMA_PAGO_FORMA_PAGO, TIPO_ID_TIPO, MONTO_PRESTAMO, PERSONA_CEDULA)
VALUES('245', 4.87, 60, 'Trimestral', '24', 80000000, '1040562781');
INSERT INTO FINANCIERA.CREDITO
(PRODUCTO_ID_PRODUCTO, TASA_INTERES, PLAZO, FORMA_PAGO_FORMA_PAGO, TIPO_ID_TIPO, MONTO_PRESTAMO, PERSONA_CEDULA)
VALUES('250', 3.38, 60, 'Trimestral', '24', 75000000, '1050142265');
INSERT INTO FINANCIERA.CREDITO
(PRODUCTO_ID_PRODUCTO, TASA_INTERES, PLAZO, FORMA_PAGO_FORMA_PAGO, TIPO_ID_TIPO, MONTO_PRESTAMO, PERSONA_CEDULA)
VALUES('255', 3.35, 60, 'Anual', '24', 60000000, '1050674235');
INSERT INTO FINANCIERA.CREDITO
(PRODUCTO_ID_PRODUCTO, TASA_INTERES, PLAZO, FORMA_PAGO_FORMA_PAGO, TIPO_ID_TIPO, MONTO_PRESTAMO, PERSONA_CEDULA)
VALUES('300', 2.16, 60, 'Mensual', '24', 100000000, '1067429873');
INSERT INTO FINANCIERA.CREDITO
(PRODUCTO_ID_PRODUCTO, TASA_INTERES, PLAZO, FORMA_PAGO_FORMA_PAGO, TIPO_ID_TIPO, MONTO_PRESTAMO, PERSONA_CEDULA)
VALUES('305', 3.54, 60, 'Mensual', '24', 40000000, '1090457881');


--Seguros
INSERT INTO FINANCIERA.SEGURO
(PRODUCTO_ID_PRODUCTO, PERIODO_DURACION, TIPO_SEGURO, PERSONA_CEDULA)
VALUES('5000', 12, '25', '1005094652');
INSERT INTO FINANCIERA.SEGURO
(PRODUCTO_ID_PRODUCTO, PERIODO_DURACION, TIPO_SEGURO, PERSONA_CEDULA)
VALUES('5005', 12, '25', '1005478621');
INSERT INTO FINANCIERA.SEGURO
(PRODUCTO_ID_PRODUCTO, PERIODO_DURACION, TIPO_SEGURO, PERSONA_CEDULA)
VALUES('5010', 12, '25', '1010120024');
INSERT INTO FINANCIERA.SEGURO
(PRODUCTO_ID_PRODUCTO, PERIODO_DURACION, TIPO_SEGURO, PERSONA_CEDULA)
VALUES('5015', 12, '25', '1010120123');
INSERT INTO FINANCIERA.SEGURO
(PRODUCTO_ID_PRODUCTO, PERIODO_DURACION, TIPO_SEGURO, PERSONA_CEDULA)
VALUES('5020', 24, '25', '1010124210');
INSERT INTO FINANCIERA.SEGURO
(PRODUCTO_ID_PRODUCTO, PERIODO_DURACION, TIPO_SEGURO, PERSONA_CEDULA)
VALUES('5025', 24, '26', '1010124568');
INSERT INTO FINANCIERA.SEGURO
(PRODUCTO_ID_PRODUCTO, PERIODO_DURACION, TIPO_SEGURO, PERSONA_CEDULA)
VALUES('5030', 24, '26', '1010124887');
INSERT INTO FINANCIERA.SEGURO
(PRODUCTO_ID_PRODUCTO, PERIODO_DURACION, TIPO_SEGURO, PERSONA_CEDULA)
VALUES('5035', 24, '26', '10101254478');
INSERT INTO FINANCIERA.SEGURO
(PRODUCTO_ID_PRODUCTO, PERIODO_DURACION, TIPO_SEGURO, PERSONA_CEDULA)
VALUES('5040', 36, '26', '1010152264');
INSERT INTO FINANCIERA.SEGURO
(PRODUCTO_ID_PRODUCTO, PERIODO_DURACION, TIPO_SEGURO, PERSONA_CEDULA)
VALUES('5045', 36, '27', '1010152453');
INSERT INTO FINANCIERA.SEGURO
(PRODUCTO_ID_PRODUCTO, PERIODO_DURACION, TIPO_SEGURO, PERSONA_CEDULA)
VALUES('5050', 36, '27', '1010153361');
INSERT INTO FINANCIERA.SEGURO
(PRODUCTO_ID_PRODUCTO, PERIODO_DURACION, TIPO_SEGURO, PERSONA_CEDULA)
VALUES('5055', 36, '27', '1010156647');
INSERT INTO FINANCIERA.SEGURO
(PRODUCTO_ID_PRODUCTO, PERIODO_DURACION, TIPO_SEGURO, PERSONA_CEDULA)
VALUES('5060', 48, '27', '1012456789');
INSERT INTO FINANCIERA.SEGURO
(PRODUCTO_ID_PRODUCTO, PERIODO_DURACION, TIPO_SEGURO, PERSONA_CEDULA)
VALUES('5065', 48, '28', '1020145875');
INSERT INTO FINANCIERA.SEGURO
(PRODUCTO_ID_PRODUCTO, PERIODO_DURACION, TIPO_SEGURO, PERSONA_CEDULA)
VALUES('5070', 48, '28', '1020567498');
INSERT INTO FINANCIERA.SEGURO
(PRODUCTO_ID_PRODUCTO, PERIODO_DURACION, TIPO_SEGURO, PERSONA_CEDULA)
VALUES('5075', 48, '28', '1023564789');
INSERT INTO FINANCIERA.SEGURO
(PRODUCTO_ID_PRODUCTO, PERIODO_DURACION, TIPO_SEGURO, PERSONA_CEDULA)
VALUES('5080', 60, '28', '1024568772');
INSERT INTO FINANCIERA.SEGURO
(PRODUCTO_ID_PRODUCTO, PERIODO_DURACION, TIPO_SEGURO, PERSONA_CEDULA)
VALUES('5085', 60, '29', '1030452789');
INSERT INTO FINANCIERA.SEGURO
(PRODUCTO_ID_PRODUCTO, PERIODO_DURACION, TIPO_SEGURO, PERSONA_CEDULA)
VALUES('5090', 60, '29', '1030647982');
INSERT INTO FINANCIERA.SEGURO
(PRODUCTO_ID_PRODUCTO, PERIODO_DURACION, TIPO_SEGURO, PERSONA_CEDULA)
VALUES('5095', 60, '29', '1034568997');
INSERT INTO FINANCIERA.SEGURO
(PRODUCTO_ID_PRODUCTO, PERIODO_DURACION, TIPO_SEGURO, PERSONA_CEDULA)
VALUES('6000', 72, '30', '1040562781');
INSERT INTO FINANCIERA.SEGURO
(PRODUCTO_ID_PRODUCTO, PERIODO_DURACION, TIPO_SEGURO, PERSONA_CEDULA)
VALUES('6005', 72, '30', '1050142265');
INSERT INTO FINANCIERA.SEGURO
(PRODUCTO_ID_PRODUCTO, PERIODO_DURACION, TIPO_SEGURO, PERSONA_CEDULA)
VALUES('6010', 72, '30', '1050674235');
INSERT INTO FINANCIERA.SEGURO
(PRODUCTO_ID_PRODUCTO, PERIODO_DURACION, TIPO_SEGURO, PERSONA_CEDULA)
VALUES('6015', 72, '30', '1067429873');
INSERT INTO FINANCIERA.SEGURO
(PRODUCTO_ID_PRODUCTO, PERIODO_DURACION, TIPO_SEGURO, PERSONA_CEDULA)
VALUES('6020', 72, '30', '1090457881');


--Movimientos
INSERT INTO FINANCIERA.MOVIMIENTO
(ID_MOVIMIENTO, CLIENTE_PERSONA_CEDULA, TURNO_EMPLEADO, MONTO)
VALUES(1, '1005094652', 1, 5000);
INSERT INTO FINANCIERA.MOVIMIENTO
(ID_MOVIMIENTO, CLIENTE_PERSONA_CEDULA, TURNO_EMPLEADO, MONTO)
VALUES(2, '1005478621', 2, 10000);
INSERT INTO FINANCIERA.MOVIMIENTO
(ID_MOVIMIENTO, CLIENTE_PERSONA_CEDULA, TURNO_EMPLEADO, MONTO)
VALUES(3, '1010120024', 3, 15000);
INSERT INTO FINANCIERA.MOVIMIENTO
(ID_MOVIMIENTO, CLIENTE_PERSONA_CEDULA, TURNO_EMPLEADO, MONTO)
VALUES(4, '1010120123', 4, 20000);
INSERT INTO FINANCIERA.MOVIMIENTO
(ID_MOVIMIENTO, CLIENTE_PERSONA_CEDULA, TURNO_EMPLEADO, MONTO)
VALUES(5, '1010124210', 5, 25000);
INSERT INTO FINANCIERA.MOVIMIENTO
(ID_MOVIMIENTO, CLIENTE_PERSONA_CEDULA, TURNO_EMPLEADO, MONTO)
VALUES(6, '1010124568', 6, 30000);
INSERT INTO FINANCIERA.MOVIMIENTO
(ID_MOVIMIENTO, CLIENTE_PERSONA_CEDULA, TURNO_EMPLEADO, MONTO)
VALUES(7, '1010124887', 7, 35000);
INSERT INTO FINANCIERA.MOVIMIENTO
(ID_MOVIMIENTO, CLIENTE_PERSONA_CEDULA, TURNO_EMPLEADO, MONTO)
VALUES(8, '10101254478', 8, 40000);
INSERT INTO FINANCIERA.MOVIMIENTO
(ID_MOVIMIENTO, CLIENTE_PERSONA_CEDULA, TURNO_EMPLEADO, MONTO)
VALUES(9, '1010152264', 9, 45000);
INSERT INTO FINANCIERA.MOVIMIENTO
(ID_MOVIMIENTO, CLIENTE_PERSONA_CEDULA, TURNO_EMPLEADO, MONTO)
VALUES(10, '1010152453', 10, 50000);
INSERT INTO FINANCIERA.MOVIMIENTO
(ID_MOVIMIENTO, CLIENTE_PERSONA_CEDULA, TURNO_EMPLEADO, MONTO)
VALUES(11, '1010153361', 11, 55000);
INSERT INTO FINANCIERA.MOVIMIENTO
(ID_MOVIMIENTO, CLIENTE_PERSONA_CEDULA, TURNO_EMPLEADO, MONTO)
VALUES(12, '1010156647', 12, 60000);
INSERT INTO FINANCIERA.MOVIMIENTO
(ID_MOVIMIENTO, CLIENTE_PERSONA_CEDULA, TURNO_EMPLEADO, MONTO)
VALUES(13, '1012456789', 13, 65000);
INSERT INTO FINANCIERA.MOVIMIENTO
(ID_MOVIMIENTO, CLIENTE_PERSONA_CEDULA, TURNO_EMPLEADO, MONTO)
VALUES(14, '1020145875', 14, 70000);
INSERT INTO FINANCIERA.MOVIMIENTO
(ID_MOVIMIENTO, CLIENTE_PERSONA_CEDULA, TURNO_EMPLEADO, MONTO)
VALUES(15, '1020567498', 15, 75000);
INSERT INTO FINANCIERA.MOVIMIENTO
(ID_MOVIMIENTO, CLIENTE_PERSONA_CEDULA, TURNO_EMPLEADO, MONTO)
VALUES(16, '1023564789', 16, 80000);
INSERT INTO FINANCIERA.MOVIMIENTO
(ID_MOVIMIENTO, CLIENTE_PERSONA_CEDULA, TURNO_EMPLEADO, MONTO)
VALUES(17, '1024568772', 17, 85000);
INSERT INTO FINANCIERA.MOVIMIENTO
(ID_MOVIMIENTO, CLIENTE_PERSONA_CEDULA, TURNO_EMPLEADO, MONTO)
VALUES(18, '1030452789', 18, 90000);
INSERT INTO FINANCIERA.MOVIMIENTO
(ID_MOVIMIENTO, CLIENTE_PERSONA_CEDULA, TURNO_EMPLEADO, MONTO)
VALUES(19, '1030647982', 19, 95000);
INSERT INTO FINANCIERA.MOVIMIENTO
(ID_MOVIMIENTO, CLIENTE_PERSONA_CEDULA, TURNO_EMPLEADO, MONTO)
VALUES(20, '1034568997', 20, 100000);
INSERT INTO FINANCIERA.MOVIMIENTO
(ID_MOVIMIENTO, CLIENTE_PERSONA_CEDULA, TURNO_EMPLEADO, MONTO)
VALUES(21, '1040562781', 21, 105000);
INSERT INTO FINANCIERA.MOVIMIENTO
(ID_MOVIMIENTO, CLIENTE_PERSONA_CEDULA, TURNO_EMPLEADO, MONTO)
VALUES(22, '1050142265', 22, 110000);
INSERT INTO FINANCIERA.MOVIMIENTO
(ID_MOVIMIENTO, CLIENTE_PERSONA_CEDULA, TURNO_EMPLEADO, MONTO)
VALUES(23, '1050674235', 23, 115000);
INSERT INTO FINANCIERA.MOVIMIENTO
(ID_MOVIMIENTO, CLIENTE_PERSONA_CEDULA, TURNO_EMPLEADO, MONTO)
VALUES(24, '1067429873', 24, 120000);
INSERT INTO FINANCIERA.MOVIMIENTO
(ID_MOVIMIENTO, CLIENTE_PERSONA_CEDULA, TURNO_EMPLEADO, MONTO)
VALUES(25, '1090457881', 25, 125000);
INSERT INTO FINANCIERA.MOVIMIENTO
(ID_MOVIMIENTO, CLIENTE_PERSONA_CEDULA, TURNO_EMPLEADO, MONTO)
VALUES(26, '1005094652', 26, 1000000);
INSERT INTO FINANCIERA.MOVIMIENTO
(ID_MOVIMIENTO, CLIENTE_PERSONA_CEDULA, TURNO_EMPLEADO, MONTO)
VALUES(27, '1005478621', 27, 1200000);
INSERT INTO FINANCIERA.MOVIMIENTO
(ID_MOVIMIENTO, CLIENTE_PERSONA_CEDULA, TURNO_EMPLEADO, MONTO)
VALUES(28, '1010120024', 28, 1300000);
INSERT INTO FINANCIERA.MOVIMIENTO
(ID_MOVIMIENTO, CLIENTE_PERSONA_CEDULA, TURNO_EMPLEADO, MONTO)
VALUES(29, '1010120123', 29, 1400000);
INSERT INTO FINANCIERA.MOVIMIENTO
(ID_MOVIMIENTO, CLIENTE_PERSONA_CEDULA, TURNO_EMPLEADO, MONTO)
VALUES(30, '1010124210', 30, 1500000);
INSERT INTO FINANCIERA.MOVIMIENTO
(ID_MOVIMIENTO, CLIENTE_PERSONA_CEDULA, TURNO_EMPLEADO, MONTO)
VALUES(31, '1010124568', 31, 1600000);
INSERT INTO FINANCIERA.MOVIMIENTO
(ID_MOVIMIENTO, CLIENTE_PERSONA_CEDULA, TURNO_EMPLEADO, MONTO)
VALUES(32, '1010124887', 32, 1700000);
INSERT INTO FINANCIERA.MOVIMIENTO
(ID_MOVIMIENTO, CLIENTE_PERSONA_CEDULA, TURNO_EMPLEADO, MONTO)
VALUES(33, '10101254478', 33, 1800000);
INSERT INTO FINANCIERA.MOVIMIENTO
(ID_MOVIMIENTO, CLIENTE_PERSONA_CEDULA, TURNO_EMPLEADO, MONTO)
VALUES(34, '1010152264', 34, 1900000);
INSERT INTO FINANCIERA.MOVIMIENTO
(ID_MOVIMIENTO, CLIENTE_PERSONA_CEDULA, TURNO_EMPLEADO, MONTO)
VALUES(35, '1010152453', 35, 2000000);
INSERT INTO FINANCIERA.MOVIMIENTO
(ID_MOVIMIENTO, CLIENTE_PERSONA_CEDULA, TURNO_EMPLEADO, MONTO)
VALUES(36, '1010153361', 36, 2100000);
INSERT INTO FINANCIERA.MOVIMIENTO
(ID_MOVIMIENTO, CLIENTE_PERSONA_CEDULA, TURNO_EMPLEADO, MONTO)
VALUES(37, '1010156647', 37, 2200000);
INSERT INTO FINANCIERA.MOVIMIENTO
(ID_MOVIMIENTO, CLIENTE_PERSONA_CEDULA, TURNO_EMPLEADO, MONTO)
VALUES(38, '1012456789', 38, 2300000);
INSERT INTO FINANCIERA.MOVIMIENTO
(ID_MOVIMIENTO, CLIENTE_PERSONA_CEDULA, TURNO_EMPLEADO, MONTO)
VALUES(39, '1020145875', 39, 2400000);
INSERT INTO FINANCIERA.MOVIMIENTO
(ID_MOVIMIENTO, CLIENTE_PERSONA_CEDULA, TURNO_EMPLEADO, MONTO)
VALUES(40, '1020567498', 40, 2500000);
INSERT INTO FINANCIERA.MOVIMIENTO
(ID_MOVIMIENTO, CLIENTE_PERSONA_CEDULA, TURNO_EMPLEADO, MONTO)
VALUES(41, '1023564789', 26, 2600000);
INSERT INTO FINANCIERA.MOVIMIENTO
(ID_MOVIMIENTO, CLIENTE_PERSONA_CEDULA, TURNO_EMPLEADO, MONTO)
VALUES(42, '1024568772', 27, 2700000);
INSERT INTO FINANCIERA.MOVIMIENTO
(ID_MOVIMIENTO, CLIENTE_PERSONA_CEDULA, TURNO_EMPLEADO, MONTO)
VALUES(43, '1030452789', 28, 2800000);
INSERT INTO FINANCIERA.MOVIMIENTO
(ID_MOVIMIENTO, CLIENTE_PERSONA_CEDULA, TURNO_EMPLEADO, MONTO)
VALUES(44, '1030647982', 29, 2900000);
INSERT INTO FINANCIERA.MOVIMIENTO
(ID_MOVIMIENTO, CLIENTE_PERSONA_CEDULA, TURNO_EMPLEADO, MONTO)
VALUES(45, '1034568997', 30, 3000000);
INSERT INTO FINANCIERA.MOVIMIENTO
(ID_MOVIMIENTO, CLIENTE_PERSONA_CEDULA, TURNO_EMPLEADO, MONTO)
VALUES(46, '1040562781', 31, 3100000);
INSERT INTO FINANCIERA.MOVIMIENTO
(ID_MOVIMIENTO, CLIENTE_PERSONA_CEDULA, TURNO_EMPLEADO, MONTO)
VALUES(47, '1050142265', 32, 3200000);
INSERT INTO FINANCIERA.MOVIMIENTO
(ID_MOVIMIENTO, CLIENTE_PERSONA_CEDULA, TURNO_EMPLEADO, MONTO)
VALUES(48, '1050674235', 33, 3300000);
INSERT INTO FINANCIERA.MOVIMIENTO
(ID_MOVIMIENTO, CLIENTE_PERSONA_CEDULA, TURNO_EMPLEADO, MONTO)
VALUES(49, '1067429873', 34, 3400000);
INSERT INTO FINANCIERA.MOVIMIENTO
(ID_MOVIMIENTO, CLIENTE_PERSONA_CEDULA, TURNO_EMPLEADO, MONTO)
VALUES(50, '1090457881', 35, 3500000);
INSERT INTO FINANCIERA.MOVIMIENTO
(ID_MOVIMIENTO, CLIENTE_PERSONA_CEDULA, TURNO_EMPLEADO, MONTO)
VALUES(51, '1005094652', 1, 5000);
INSERT INTO FINANCIERA.MOVIMIENTO
(ID_MOVIMIENTO, CLIENTE_PERSONA_CEDULA, TURNO_EMPLEADO, MONTO)
VALUES(52, '1005478621', 2, 10000);
INSERT INTO FINANCIERA.MOVIMIENTO
(ID_MOVIMIENTO, CLIENTE_PERSONA_CEDULA, TURNO_EMPLEADO, MONTO)
VALUES(53, '1010120024', 3, 15000);
INSERT INTO FINANCIERA.MOVIMIENTO
(ID_MOVIMIENTO, CLIENTE_PERSONA_CEDULA, TURNO_EMPLEADO, MONTO)
VALUES(54, '1010120123', 4, 20000);
INSERT INTO FINANCIERA.MOVIMIENTO
(ID_MOVIMIENTO, CLIENTE_PERSONA_CEDULA, TURNO_EMPLEADO, MONTO)
VALUES(55, '1010124210', 5, 25000);
INSERT INTO FINANCIERA.MOVIMIENTO
(ID_MOVIMIENTO, CLIENTE_PERSONA_CEDULA, TURNO_EMPLEADO, MONTO)
VALUES(56, '1010124568', 6, 30000);
INSERT INTO FINANCIERA.MOVIMIENTO
(ID_MOVIMIENTO, CLIENTE_PERSONA_CEDULA, TURNO_EMPLEADO, MONTO)
VALUES(57, '1010124887', 7, 35000);
INSERT INTO FINANCIERA.MOVIMIENTO
(ID_MOVIMIENTO, CLIENTE_PERSONA_CEDULA, TURNO_EMPLEADO, MONTO)
VALUES(58, '10101254478', 8, 40000);
INSERT INTO FINANCIERA.MOVIMIENTO
(ID_MOVIMIENTO, CLIENTE_PERSONA_CEDULA, TURNO_EMPLEADO, MONTO)
VALUES(59, '1010152264', 9, 45000);
INSERT INTO FINANCIERA.MOVIMIENTO
(ID_MOVIMIENTO, CLIENTE_PERSONA_CEDULA, TURNO_EMPLEADO, MONTO)
VALUES(60, '1010152453', 10, 50000);
INSERT INTO FINANCIERA.MOVIMIENTO
(ID_MOVIMIENTO, CLIENTE_PERSONA_CEDULA, TURNO_EMPLEADO, MONTO)
VALUES(61, '1010153361', 11, 55000);
INSERT INTO FINANCIERA.MOVIMIENTO
(ID_MOVIMIENTO, CLIENTE_PERSONA_CEDULA, TURNO_EMPLEADO, MONTO)
VALUES(62, '1010156647', 12, 60000);
INSERT INTO FINANCIERA.MOVIMIENTO
(ID_MOVIMIENTO, CLIENTE_PERSONA_CEDULA, TURNO_EMPLEADO, MONTO)
VALUES(63, '1012456789', 13, 65000);
INSERT INTO FINANCIERA.MOVIMIENTO
(ID_MOVIMIENTO, CLIENTE_PERSONA_CEDULA, TURNO_EMPLEADO, MONTO)
VALUES(64, '1020145875', 14, 70000);
INSERT INTO FINANCIERA.MOVIMIENTO
(ID_MOVIMIENTO, CLIENTE_PERSONA_CEDULA, TURNO_EMPLEADO, MONTO)
VALUES(65, '1020567498', 15, 75000);
INSERT INTO FINANCIERA.MOVIMIENTO
(ID_MOVIMIENTO, CLIENTE_PERSONA_CEDULA, TURNO_EMPLEADO, MONTO)
VALUES(66, '1023564789', 16, 80000);
INSERT INTO FINANCIERA.MOVIMIENTO
(ID_MOVIMIENTO, CLIENTE_PERSONA_CEDULA, TURNO_EMPLEADO, MONTO)
VALUES(67, '1024568772', 17, 85000);
INSERT INTO FINANCIERA.MOVIMIENTO
(ID_MOVIMIENTO, CLIENTE_PERSONA_CEDULA, TURNO_EMPLEADO, MONTO)
VALUES(68, '1030452789', 18, 90000);
INSERT INTO FINANCIERA.MOVIMIENTO
(ID_MOVIMIENTO, CLIENTE_PERSONA_CEDULA, TURNO_EMPLEADO, MONTO)
VALUES(69, '1030647982', 19, 95000);
INSERT INTO FINANCIERA.MOVIMIENTO
(ID_MOVIMIENTO, CLIENTE_PERSONA_CEDULA, TURNO_EMPLEADO, MONTO)
VALUES(70, '1034568997', 20, 100000);
INSERT INTO FINANCIERA.MOVIMIENTO
(ID_MOVIMIENTO, CLIENTE_PERSONA_CEDULA, TURNO_EMPLEADO, MONTO)
VALUES(71, '1040562781', 21, 105000);
INSERT INTO FINANCIERA.MOVIMIENTO
(ID_MOVIMIENTO, CLIENTE_PERSONA_CEDULA, TURNO_EMPLEADO, MONTO)
VALUES(72, '1050142265', 22, 110000);
INSERT INTO FINANCIERA.MOVIMIENTO
(ID_MOVIMIENTO, CLIENTE_PERSONA_CEDULA, TURNO_EMPLEADO, MONTO)
VALUES(73, '1050674235', 23, 115000);
INSERT INTO FINANCIERA.MOVIMIENTO
(ID_MOVIMIENTO, CLIENTE_PERSONA_CEDULA, TURNO_EMPLEADO, MONTO)
VALUES(74, '1067429873', 24, 120000);
INSERT INTO FINANCIERA.MOVIMIENTO
(ID_MOVIMIENTO, CLIENTE_PERSONA_CEDULA, TURNO_EMPLEADO, MONTO)
VALUES(75, '1090457881', 25, 125000);




--Retiros
INSERT INTO FINANCIERA.RETIRO
(MOVIMIENTO_ID_MOVIMIENTO, CUENTA_RETIRO)
VALUES(1, '03044233221');
INSERT INTO FINANCIERA.RETIRO
(MOVIMIENTO_ID_MOVIMIENTO, CUENTA_RETIRO)
VALUES(2, '03113554471');
INSERT INTO FINANCIERA.RETIRO
(MOVIMIENTO_ID_MOVIMIENTO, CUENTA_RETIRO)
VALUES(3, '03113718845');
INSERT INTO FINANCIERA.RETIRO
(MOVIMIENTO_ID_MOVIMIENTO, CUENTA_RETIRO)
VALUES(4, '03117548589');
INSERT INTO FINANCIERA.RETIRO
(MOVIMIENTO_ID_MOVIMIENTO, CUENTA_RETIRO)
VALUES(5, '03122505668');
INSERT INTO FINANCIERA.RETIRO
(MOVIMIENTO_ID_MOVIMIENTO, CUENTA_RETIRO)
VALUES(6, '03128280008');
INSERT INTO FINANCIERA.RETIRO
(MOVIMIENTO_ID_MOVIMIENTO, CUENTA_RETIRO)
VALUES(7, '03136155161');
INSERT INTO FINANCIERA.RETIRO
(MOVIMIENTO_ID_MOVIMIENTO, CUENTA_RETIRO)
VALUES(8, '03147484759');
INSERT INTO FINANCIERA.RETIRO
(MOVIMIENTO_ID_MOVIMIENTO, CUENTA_RETIRO)
VALUES(9, '03178539496');
INSERT INTO FINANCIERA.RETIRO
(MOVIMIENTO_ID_MOVIMIENTO, CUENTA_RETIRO)
VALUES(10, '03215185013');
INSERT INTO FINANCIERA.RETIRO
(MOVIMIENTO_ID_MOVIMIENTO, CUENTA_RETIRO)
VALUES(11, '03223631932');
INSERT INTO FINANCIERA.RETIRO
(MOVIMIENTO_ID_MOVIMIENTO, CUENTA_RETIRO)
VALUES(12, '03235311075');
INSERT INTO FINANCIERA.RETIRO
(MOVIMIENTO_ID_MOVIMIENTO, CUENTA_RETIRO)
VALUES(13, '03044233221');
INSERT INTO FINANCIERA.RETIRO
(MOVIMIENTO_ID_MOVIMIENTO, CUENTA_RETIRO)
VALUES(14, '03113554471');
INSERT INTO FINANCIERA.RETIRO
(MOVIMIENTO_ID_MOVIMIENTO, CUENTA_RETIRO)
VALUES(15, '03113718845');
INSERT INTO FINANCIERA.RETIRO
(MOVIMIENTO_ID_MOVIMIENTO, CUENTA_RETIRO)
VALUES(16, '03117548589');
INSERT INTO FINANCIERA.RETIRO
(MOVIMIENTO_ID_MOVIMIENTO, CUENTA_RETIRO)
VALUES(17, '03122505668');
INSERT INTO FINANCIERA.RETIRO
(MOVIMIENTO_ID_MOVIMIENTO, CUENTA_RETIRO)
VALUES(18, '03128280008');
INSERT INTO FINANCIERA.RETIRO
(MOVIMIENTO_ID_MOVIMIENTO, CUENTA_RETIRO)
VALUES(19, '03136155161');
INSERT INTO FINANCIERA.RETIRO
(MOVIMIENTO_ID_MOVIMIENTO, CUENTA_RETIRO)
VALUES(20, '03147484759');
INSERT INTO FINANCIERA.RETIRO
(MOVIMIENTO_ID_MOVIMIENTO, CUENTA_RETIRO)
VALUES(21, '03178539496');
INSERT INTO FINANCIERA.RETIRO
(MOVIMIENTO_ID_MOVIMIENTO, CUENTA_RETIRO)
VALUES(22, '03215185013');
INSERT INTO FINANCIERA.RETIRO
(MOVIMIENTO_ID_MOVIMIENTO, CUENTA_RETIRO)
VALUES(23, '03223631932');
INSERT INTO FINANCIERA.RETIRO
(MOVIMIENTO_ID_MOVIMIENTO, CUENTA_RETIRO)
VALUES(24, '03235311075');
INSERT INTO FINANCIERA.RETIRO
(MOVIMIENTO_ID_MOVIMIENTO, CUENTA_RETIRO)
VALUES(25, '03044233221');


--Consignaciones
INSERT INTO FINANCIERA.CONSIGNACION
(MOVIMIENTO_ID_MOVIMIENTO, FECHA, CUENTA_DESTINO)
VALUES(26, TIMESTAMP '2022-09-24 14:10:00.980000', '9111000096');
INSERT INTO FINANCIERA.CONSIGNACION
(MOVIMIENTO_ID_MOVIMIENTO, FECHA, CUENTA_DESTINO)
VALUES(27, TIMESTAMP '2022-09-21 08:10:00.968000', '9111000155');
INSERT INTO FINANCIERA.CONSIGNACION
(MOVIMIENTO_ID_MOVIMIENTO, FECHA, CUENTA_DESTINO)
VALUES(28, TIMESTAMP '2022-09-22 14:20:00.260000', '9111000166');
INSERT INTO FINANCIERA.CONSIGNACION
(MOVIMIENTO_ID_MOVIMIENTO, FECHA, CUENTA_DESTINO)
VALUES(29, TIMESTAMP '2022-09-23 08:20:00.253000', '9111000181');
INSERT INTO FINANCIERA.CONSIGNACION
(MOVIMIENTO_ID_MOVIMIENTO, FECHA, CUENTA_DESTINO)
VALUES(30, TIMESTAMP '2022-09-23 14:30:00.459000', '9111000214');
INSERT INTO FINANCIERA.CONSIGNACION
(MOVIMIENTO_ID_MOVIMIENTO, FECHA, CUENTA_DESTINO)
VALUES(31, TIMESTAMP '2022-09-26 08:35:00.978000', '9111000225');
INSERT INTO FINANCIERA.CONSIGNACION
(MOVIMIENTO_ID_MOVIMIENTO, FECHA, CUENTA_DESTINO)
VALUES(32, TIMESTAMP '2022-09-26 14:35:00.519000', '9111000236');
INSERT INTO FINANCIERA.CONSIGNACION
(MOVIMIENTO_ID_MOVIMIENTO, FECHA, CUENTA_DESTINO)
VALUES(33, TIMESTAMP '2022-09-27 08:40:00.941000', '9111000240');
INSERT INTO FINANCIERA.CONSIGNACION
(MOVIMIENTO_ID_MOVIMIENTO, FECHA, CUENTA_DESTINO)
VALUES(34, TIMESTAMP '2022-11-27 14:40:00.086000', '9111000251');
INSERT INTO FINANCIERA.CONSIGNACION
(MOVIMIENTO_ID_MOVIMIENTO, FECHA, CUENTA_DESTINO)
VALUES(35, TIMESTAMP '2022-09-28 08:45:00.074000', '9111000262');
INSERT INTO FINANCIERA.CONSIGNACION
(MOVIMIENTO_ID_MOVIMIENTO, FECHA, CUENTA_DESTINO)
VALUES(36, TIMESTAMP '2022-09-28 14:45:00.747000', '9111000264');
INSERT INTO FINANCIERA.CONSIGNACION
(MOVIMIENTO_ID_MOVIMIENTO, FECHA, CUENTA_DESTINO)
VALUES(37, TIMESTAMP '2022-09-29 08:50:00.733000', '9111000273');
INSERT INTO FINANCIERA.CONSIGNACION
(MOVIMIENTO_ID_MOVIMIENTO, FECHA, CUENTA_DESTINO)
VALUES(38, TIMESTAMP '2022-09-30 14:50:00.916000', '9111000295');
INSERT INTO FINANCIERA.CONSIGNACION
(MOVIMIENTO_ID_MOVIMIENTO, FECHA, CUENTA_DESTINO)
VALUES(39, TIMESTAMP '2022-10-01 08:55:00.650000', '9111000096');
INSERT INTO FINANCIERA.CONSIGNACION
(MOVIMIENTO_ID_MOVIMIENTO, FECHA, CUENTA_DESTINO)
VALUES(40, TIMESTAMP '2022-10-01 14:55:00.548000', '9111000155');
INSERT INTO FINANCIERA.CONSIGNACION
(MOVIMIENTO_ID_MOVIMIENTO, FECHA, CUENTA_DESTINO)
VALUES(41, TIMESTAMP '2022-01-10 15:00:00.726000', '9111000166');
INSERT INTO FINANCIERA.CONSIGNACION
(MOVIMIENTO_ID_MOVIMIENTO, FECHA, CUENTA_DESTINO)
VALUES(42, TIMESTAMP '2022-09-24 09:00:00.644000', '9111000181');
INSERT INTO FINANCIERA.CONSIGNACION
(MOVIMIENTO_ID_MOVIMIENTO, FECHA, CUENTA_DESTINO)
VALUES(43, TIMESTAMP '2022-09-21 15:05:00.639000', '9111000214');
INSERT INTO FINANCIERA.CONSIGNACION
(MOVIMIENTO_ID_MOVIMIENTO, FECHA, CUENTA_DESTINO)
VALUES(44, TIMESTAMP '2022-09-22 09:05:00.798000', '9111000225');
INSERT INTO FINANCIERA.CONSIGNACION
(MOVIMIENTO_ID_MOVIMIENTO, FECHA, CUENTA_DESTINO)
VALUES(45, TIMESTAMP '2022-09-23 15:10:00.151000', '9111000236');
INSERT INTO FINANCIERA.CONSIGNACION
(MOVIMIENTO_ID_MOVIMIENTO, FECHA, CUENTA_DESTINO)
VALUES(46, TIMESTAMP '2022-09-23 09:10:00.853000', '9111000240');
INSERT INTO FINANCIERA.CONSIGNACION
(MOVIMIENTO_ID_MOVIMIENTO, FECHA, CUENTA_DESTINO)
VALUES(47, TIMESTAMP '2022-09-26 15:15:00.321000', '9111000251');
INSERT INTO FINANCIERA.CONSIGNACION
(MOVIMIENTO_ID_MOVIMIENTO, FECHA, CUENTA_DESTINO)
VALUES(48, TIMESTAMP '2022-09-26 09:15:00.119000', '9111000262');
INSERT INTO FINANCIERA.CONSIGNACION
(MOVIMIENTO_ID_MOVIMIENTO, FECHA, CUENTA_DESTINO)
VALUES(49, TIMESTAMP '2022-09-27 15:20:00.483000', '9111000264');
INSERT INTO FINANCIERA.CONSIGNACION
(MOVIMIENTO_ID_MOVIMIENTO, FECHA, CUENTA_DESTINO)
VALUES(50, TIMESTAMP '2022-09-27 09:20:00.042000', '9111000273');

--Transferencias
INSERT INTO FINANCIERA.TRANSFERENCIA
(MOVIMIENTO_ID_MOVIMIENTO, CUENTA_ORIGEN, CUENTA_DESTINO)
VALUES(51, '03235311075', '03223631932');
INSERT INTO FINANCIERA.TRANSFERENCIA
(MOVIMIENTO_ID_MOVIMIENTO, CUENTA_ORIGEN, CUENTA_DESTINO)
VALUES(52, '03223631932', '03215185013');
INSERT INTO FINANCIERA.TRANSFERENCIA
(MOVIMIENTO_ID_MOVIMIENTO, CUENTA_ORIGEN, CUENTA_DESTINO)
VALUES(53, '03215185013', '03178539496');
INSERT INTO FINANCIERA.TRANSFERENCIA
(MOVIMIENTO_ID_MOVIMIENTO, CUENTA_ORIGEN, CUENTA_DESTINO)
VALUES(54, '03178539496', '03147484759');
INSERT INTO FINANCIERA.TRANSFERENCIA
(MOVIMIENTO_ID_MOVIMIENTO, CUENTA_ORIGEN, CUENTA_DESTINO)
VALUES(55, '03136155161', '03128280008');
INSERT INTO FINANCIERA.TRANSFERENCIA
(MOVIMIENTO_ID_MOVIMIENTO, CUENTA_ORIGEN, CUENTA_DESTINO)
VALUES(56, '03128280008', '03122505668');
INSERT INTO FINANCIERA.TRANSFERENCIA
(MOVIMIENTO_ID_MOVIMIENTO, CUENTA_ORIGEN, CUENTA_DESTINO)
VALUES(57, '03122505668', '03117548589');
INSERT INTO FINANCIERA.TRANSFERENCIA
(MOVIMIENTO_ID_MOVIMIENTO, CUENTA_ORIGEN, CUENTA_DESTINO)
VALUES(58, '03113718845', '03113554471');
INSERT INTO FINANCIERA.TRANSFERENCIA
(MOVIMIENTO_ID_MOVIMIENTO, CUENTA_ORIGEN, CUENTA_DESTINO)
VALUES(59, '03044233221', '03235311075');
INSERT INTO FINANCIERA.TRANSFERENCIA
(MOVIMIENTO_ID_MOVIMIENTO, CUENTA_ORIGEN, CUENTA_DESTINO)
VALUES(60, '03044233221', '03235311075');
INSERT INTO FINANCIERA.TRANSFERENCIA
(MOVIMIENTO_ID_MOVIMIENTO, CUENTA_ORIGEN, CUENTA_DESTINO)
VALUES(61, '03044233221', '03223631932');
INSERT INTO FINANCIERA.TRANSFERENCIA
(MOVIMIENTO_ID_MOVIMIENTO, CUENTA_ORIGEN, CUENTA_DESTINO)
VALUES(62, '03044233221', '03215185013');
INSERT INTO FINANCIERA.TRANSFERENCIA
(MOVIMIENTO_ID_MOVIMIENTO, CUENTA_ORIGEN, CUENTA_DESTINO)
VALUES(63, '03044233221', '03178539496');
INSERT INTO FINANCIERA.TRANSFERENCIA
(MOVIMIENTO_ID_MOVIMIENTO, CUENTA_ORIGEN, CUENTA_DESTINO)
VALUES(64, '03113554471', '03235311075');
INSERT INTO FINANCIERA.TRANSFERENCIA
(MOVIMIENTO_ID_MOVIMIENTO, CUENTA_ORIGEN, CUENTA_DESTINO)
VALUES(65, '03113554471', '03223631932');
INSERT INTO FINANCIERA.TRANSFERENCIA
(MOVIMIENTO_ID_MOVIMIENTO, CUENTA_ORIGEN, CUENTA_DESTINO)
VALUES(66, '03113554471', '03215185013');
INSERT INTO FINANCIERA.TRANSFERENCIA
(MOVIMIENTO_ID_MOVIMIENTO, CUENTA_ORIGEN, CUENTA_DESTINO)
VALUES(67, '03113554471', '03178539496');
INSERT INTO FINANCIERA.TRANSFERENCIA
(MOVIMIENTO_ID_MOVIMIENTO, CUENTA_ORIGEN, CUENTA_DESTINO)
VALUES(68, '03113718845', '03147484759');
INSERT INTO FINANCIERA.TRANSFERENCIA
(MOVIMIENTO_ID_MOVIMIENTO, CUENTA_ORIGEN, CUENTA_DESTINO)
VALUES(69, '03113718845', '03136155161');
INSERT INTO FINANCIERA.TRANSFERENCIA
(MOVIMIENTO_ID_MOVIMIENTO, CUENTA_ORIGEN, CUENTA_DESTINO)
VALUES(70, '03113718845', '03128280008');
INSERT INTO FINANCIERA.TRANSFERENCIA
(MOVIMIENTO_ID_MOVIMIENTO, CUENTA_ORIGEN, CUENTA_DESTINO)
VALUES(71, '03113718845', '03122505668');
INSERT INTO FINANCIERA.TRANSFERENCIA
(MOVIMIENTO_ID_MOVIMIENTO, CUENTA_ORIGEN, CUENTA_DESTINO)
VALUES(72, '03117548589', '03117548589');
INSERT INTO FINANCIERA.TRANSFERENCIA
(MOVIMIENTO_ID_MOVIMIENTO, CUENTA_ORIGEN, CUENTA_DESTINO)
VALUES(73, '03117548589', '03223631932');
INSERT INTO FINANCIERA.TRANSFERENCIA
(MOVIMIENTO_ID_MOVIMIENTO, CUENTA_ORIGEN, CUENTA_DESTINO)
VALUES(74, '03117548589', '03235311075');
INSERT INTO FINANCIERA.TRANSFERENCIA
(MOVIMIENTO_ID_MOVIMIENTO, CUENTA_ORIGEN, CUENTA_DESTINO)
VALUES(75, '03117548589', '03215185013');

--Empresas
INSERT INTO FINANCIERA.EMPRESA
(ID_EMPRESA, NOMBRE)
VALUES(1, 'Netflix');
INSERT INTO FINANCIERA.EMPRESA
(ID_EMPRESA, NOMBRE)
VALUES(2, 'Disney+');
INSERT INTO FINANCIERA.EMPRESA
(ID_EMPRESA, NOMBRE)
VALUES(3, 'Youtube');
INSERT INTO FINANCIERA.EMPRESA
(ID_EMPRESA, NOMBRE)
VALUES(4, 'Edeq');
INSERT INTO FINANCIERA.EMPRESA
(ID_EMPRESA, NOMBRE)
VALUES(5, 'Efigas');
INSERT INTO FINANCIERA.EMPRESA
(ID_EMPRESA, NOMBRE)
VALUES(6, 'Epa');
INSERT INTO FINANCIERA.EMPRESA
(ID_EMPRESA, NOMBRE)
VALUES(7, 'Claro');
INSERT INTO FINANCIERA.EMPRESA
(ID_EMPRESA, NOMBRE)
VALUES(8, 'Movistar');
INSERT INTO FINANCIERA.EMPRESA
(ID_EMPRESA, NOMBRE)
VALUES(9, 'Tigo');
INSERT INTO FINANCIERA.EMPRESA
(ID_EMPRESA, NOMBRE)
VALUES(10, 'Flamingo');
INSERT INTO FINANCIERA.EMPRESA
(ID_EMPRESA, NOMBRE)
VALUES(11, 'Exito');
INSERT INTO FINANCIERA.EMPRESA
(ID_EMPRESA, NOMBRE)
VALUES(12, 'Alkosto');
INSERT INTO FINANCIERA.EMPRESA
(ID_EMPRESA, NOMBRE)
VALUES(13, 'Alkomprar');
INSERT INTO FINANCIERA.EMPRESA
(ID_EMPRESA, NOMBRE)
VALUES(14, 'Fallabela');
INSERT INTO FINANCIERA.EMPRESA
(ID_EMPRESA, NOMBRE)
VALUES(15, 'EDS Primax');
INSERT INTO FINANCIERA.EMPRESA
(ID_EMPRESA, NOMBRE)
VALUES(16, 'Texaco');
INSERT INTO FINANCIERA.EMPRESA
(ID_EMPRESA, NOMBRE)
VALUES(17, 'Estación Terpel');
INSERT INTO FINANCIERA.EMPRESA
(ID_EMPRESA, NOMBRE)
VALUES(18, 'Simeon');
INSERT INTO FINANCIERA.EMPRESA
(ID_EMPRESA, NOMBRE)
VALUES(19, 'Arturo Calle');
INSERT INTO FINANCIERA.EMPRESA
(ID_EMPRESA, NOMBRE)
VALUES(20, 'Tennis');
INSERT INTO FINANCIERA.EMPRESA
(ID_EMPRESA, NOMBRE)
VALUES(21, 'Ruta 97');
INSERT INTO FINANCIERA.EMPRESA
(ID_EMPRESA, NOMBRE)
VALUES(22, 'Sweet creps');
INSERT INTO FINANCIERA.EMPRESA
(ID_EMPRESA, NOMBRE)
VALUES(23, 'Moi 24');
INSERT INTO FINANCIERA.EMPRESA
(ID_EMPRESA, NOMBRE)
VALUES(24, 'Cruz verde');
INSERT INTO FINANCIERA.EMPRESA
(ID_EMPRESA, NOMBRE)
VALUES(25, 'Droguería comfenalco');
