--Paises
INSERT INTO USUARIOS.PAIS
(ID_PAIS, NOMBRE)
VALUES(1, 'Colombia');
INSERT INTO USUARIOS.PAIS
(ID_PAIS, NOMBRE)
VALUES(2, 'Argentina');
INSERT INTO USUARIOS.PAIS
(ID_PAIS, NOMBRE)
VALUES(3, 'Brasil');
INSERT INTO USUARIOS.PAIS
(ID_PAIS, NOMBRE)
VALUES(4, 'Canadá');
INSERT INTO USUARIOS.PAIS
(ID_PAIS, NOMBRE)
VALUES(5, 'Chile');
INSERT INTO USUARIOS.PAIS
(ID_PAIS, NOMBRE)
VALUES(6, 'Costa Rica');
INSERT INTO USUARIOS.PAIS
(ID_PAIS, NOMBRE)
VALUES(7, 'Cuba');
INSERT INTO USUARIOS.PAIS
(ID_PAIS, NOMBRE)
VALUES(8, 'Ecuador');
INSERT INTO USUARIOS.PAIS
(ID_PAIS, NOMBRE)
VALUES(9, 'Estados Unidos');
INSERT INTO USUARIOS.PAIS
(ID_PAIS, NOMBRE)
VALUES(10, 'Guatemala');
INSERT INTO USUARIOS.PAIS
(ID_PAIS, NOMBRE)
VALUES(11, 'México');
INSERT INTO USUARIOS.PAIS
(ID_PAIS, NOMBRE)
VALUES(12, 'Panamá');
INSERT INTO USUARIOS.PAIS
(ID_PAIS, NOMBRE)
VALUES(13, 'Perú');
INSERT INTO USUARIOS.PAIS
(ID_PAIS, NOMBRE)
VALUES(14, 'Uruguay ');
INSERT INTO USUARIOS.PAIS
(ID_PAIS, NOMBRE)
VALUES(15, 'España');
INSERT INTO USUARIOS.PAIS
(ID_PAIS, NOMBRE)
VALUES(16, 'Inglaterra');
INSERT INTO USUARIOS.PAIS
(ID_PAIS, NOMBRE)
VALUES(17, 'Dinamarca');
INSERT INTO USUARIOS.PAIS
(ID_PAIS, NOMBRE)
VALUES(18, 'Francia');
INSERT INTO USUARIOS.PAIS
(ID_PAIS, NOMBRE)
VALUES(19, 'Honduras');
INSERT INTO USUARIOS.PAIS
(ID_PAIS, NOMBRE)
VALUES(20, 'Nicaragua');
INSERT INTO USUARIOS.PAIS
(ID_PAIS, NOMBRE)
VALUES(21, 'Paraguay');
INSERT INTO USUARIOS.PAIS
(ID_PAIS, NOMBRE)
VALUES(22, 'Portugal');
INSERT INTO USUARIOS.PAIS
(ID_PAIS, NOMBRE)
VALUES(23, 'Venezuela');
INSERT INTO USUARIOS.PAIS
(ID_PAIS, NOMBRE)
VALUES(24, 'Australia');
INSERT INTO USUARIOS.PAIS
(ID_PAIS, NOMBRE)
VALUES(25, 'El salvador');

--Departamentos
INSERT INTO USUARIOS.DEPARTAMENTO
(ID_DEPARTAMENTO, NOMBRE, PAIS_ID)
VALUES(1, 'Quindío', 1);
INSERT INTO USUARIOS.DEPARTAMENTO
(ID_DEPARTAMENTO, NOMBRE, PAIS_ID)
VALUES(2, 'Antioquia', 1);
INSERT INTO USUARIOS.DEPARTAMENTO
(ID_DEPARTAMENTO, NOMBRE, PAIS_ID)
VALUES(3, 'Risaralda', 1);
INSERT INTO USUARIOS.DEPARTAMENTO
(ID_DEPARTAMENTO, NOMBRE, PAIS_ID)
VALUES(4, 'Valle del cauca', 1);
INSERT INTO USUARIOS.DEPARTAMENTO
(ID_DEPARTAMENTO, NOMBRE, PAIS_ID)
VALUES(5, 'Cundinamarca', 1);
INSERT INTO USUARIOS.DEPARTAMENTO
(ID_DEPARTAMENTO, NOMBRE, PAIS_ID)
VALUES(6, 'Washington', 9);
INSERT INTO USUARIOS.DEPARTAMENTO
(ID_DEPARTAMENTO, NOMBRE, PAIS_ID)
VALUES(7, 'California', 9);
INSERT INTO USUARIOS.DEPARTAMENTO
(ID_DEPARTAMENTO, NOMBRE, PAIS_ID)
VALUES(8, 'Nevada', 9);
INSERT INTO USUARIOS.DEPARTAMENTO
(ID_DEPARTAMENTO, NOMBRE, PAIS_ID)
VALUES(9, 'Texas', 9);
INSERT INTO USUARIOS.DEPARTAMENTO
(ID_DEPARTAMENTO, NOMBRE, PAIS_ID)
VALUES(10, 'Nuevo méxico', 9);
INSERT INTO USUARIOS.DEPARTAMENTO
(ID_DEPARTAMENTO, NOMBRE, PAIS_ID)
VALUES(11, 'Sonora', 11);
INSERT INTO USUARIOS.DEPARTAMENTO
(ID_DEPARTAMENTO, NOMBRE, PAIS_ID)
VALUES(12, 'Chihuahua', 11);
INSERT INTO USUARIOS.DEPARTAMENTO
(ID_DEPARTAMENTO, NOMBRE, PAIS_ID)
VALUES(13, 'Durango', 11);
INSERT INTO USUARIOS.DEPARTAMENTO
(ID_DEPARTAMENTO, NOMBRE, PAIS_ID)
VALUES(14, 'Tamaulipas', 11);
INSERT INTO USUARIOS.DEPARTAMENTO
(ID_DEPARTAMENTO, NOMBRE, PAIS_ID)
VALUES(15, 'Jalisco', 11);
INSERT INTO USUARIOS.DEPARTAMENTO
(ID_DEPARTAMENTO, NOMBRE, PAIS_ID)
VALUES(16, 'Amazonas', 23);
INSERT INTO USUARIOS.DEPARTAMENTO
(ID_DEPARTAMENTO, NOMBRE, PAIS_ID)
VALUES(17, 'Anzóategui', 23);
INSERT INTO USUARIOS.DEPARTAMENTO
(ID_DEPARTAMENTO, NOMBRE, PAIS_ID)
VALUES(18, 'Apure', 23);
INSERT INTO USUARIOS.DEPARTAMENTO
(ID_DEPARTAMENTO, NOMBRE, PAIS_ID)
VALUES(19, 'Aragua', 23);
INSERT INTO USUARIOS.DEPARTAMENTO
(ID_DEPARTAMENTO, NOMBRE, PAIS_ID)
VALUES(20, 'Bolivar', 23);
INSERT INTO USUARIOS.DEPARTAMENTO
(ID_DEPARTAMENTO, NOMBRE, PAIS_ID)
VALUES(21, 'Sao Paulo', 3);
INSERT INTO USUARIOS.DEPARTAMENTO
(ID_DEPARTAMENTO, NOMBRE, PAIS_ID)
VALUES(22, 'Bahia', 3);
INSERT INTO USUARIOS.DEPARTAMENTO
(ID_DEPARTAMENTO, NOMBRE, PAIS_ID)
VALUES(23, 'Rio de Janeiro', 3);
INSERT INTO USUARIOS.DEPARTAMENTO
(ID_DEPARTAMENTO, NOMBRE, PAIS_ID)
VALUES(24, 'Paraná', 3);
INSERT INTO USUARIOS.DEPARTAMENTO
(ID_DEPARTAMENTO, NOMBRE, PAIS_ID)
VALUES(25, 'Santa Catarina ', 3);

--Ciudades/Municipios
INSERT INTO USUARIOS.CIUDAD
(ID_CIUDAD, NOMBRE, ID_DEPARTAMENTO)
VALUES(1, 'Armenia', 1);
INSERT INTO USUARIOS.CIUDAD
(ID_CIUDAD, NOMBRE, ID_DEPARTAMENTO)
VALUES(2, 'Calarcá', 1);
INSERT INTO USUARIOS.CIUDAD
(ID_CIUDAD, NOMBRE, ID_DEPARTAMENTO)
VALUES(3, 'Circasia', 1);
INSERT INTO USUARIOS.CIUDAD
(ID_CIUDAD, NOMBRE, ID_DEPARTAMENTO)
VALUES(4, 'Filandia', 1);
INSERT INTO USUARIOS.CIUDAD
(ID_CIUDAD, NOMBRE, ID_DEPARTAMENTO)
VALUES(5, 'Salento', 1);
INSERT INTO USUARIOS.CIUDAD
(ID_CIUDAD, NOMBRE, ID_DEPARTAMENTO)
VALUES(6, 'Santa Rosa de Cabal', 3);
INSERT INTO USUARIOS.CIUDAD
(ID_CIUDAD, NOMBRE, ID_DEPARTAMENTO)
VALUES(7, 'Santuario', 3);
INSERT INTO USUARIOS.CIUDAD
(ID_CIUDAD, NOMBRE, ID_DEPARTAMENTO)
VALUES(8, 'Mistrato', 3);
INSERT INTO USUARIOS.CIUDAD
(ID_CIUDAD, NOMBRE, ID_DEPARTAMENTO)
VALUES(9, 'Marsella', 3);
INSERT INTO USUARIOS.CIUDAD
(ID_CIUDAD, NOMBRE, ID_DEPARTAMENTO)
VALUES(10, 'Quinchia', 3);
INSERT INTO USUARIOS.CIUDAD
(ID_CIUDAD, NOMBRE, ID_DEPARTAMENTO)
VALUES(11, 'Medellín', 2);
INSERT INTO USUARIOS.CIUDAD
(ID_CIUDAD, NOMBRE, ID_DEPARTAMENTO)
VALUES(12, 'Sabaneta', 2);
INSERT INTO USUARIOS.CIUDAD
(ID_CIUDAD, NOMBRE, ID_DEPARTAMENTO)
VALUES(13, 'Envigado', 2);
INSERT INTO USUARIOS.CIUDAD
(ID_CIUDAD, NOMBRE, ID_DEPARTAMENTO)
VALUES(14, 'Copacabana', 2);
INSERT INTO USUARIOS.CIUDAD
(ID_CIUDAD, NOMBRE, ID_DEPARTAMENTO)
VALUES(15, 'La estrella', 2);
INSERT INTO USUARIOS.CIUDAD
(ID_CIUDAD, NOMBRE, ID_DEPARTAMENTO)
VALUES(16, 'Buenaventura', 4);
INSERT INTO USUARIOS.CIUDAD
(ID_CIUDAD, NOMBRE, ID_DEPARTAMENTO)
VALUES(17, 'Buga', 4);
INSERT INTO USUARIOS.CIUDAD
(ID_CIUDAD, NOMBRE, ID_DEPARTAMENTO)
VALUES(18, 'Cali', 4);
INSERT INTO USUARIOS.CIUDAD
(ID_CIUDAD, NOMBRE, ID_DEPARTAMENTO)
VALUES(19, 'Cartago', 4);
INSERT INTO USUARIOS.CIUDAD
(ID_CIUDAD, NOMBRE, ID_DEPARTAMENTO)
VALUES(20, 'Bolivar', 4);
INSERT INTO USUARIOS.CIUDAD
(ID_CIUDAD, NOMBRE, ID_DEPARTAMENTO)
VALUES(21, 'Seattle', 6);
INSERT INTO USUARIOS.CIUDAD
(ID_CIUDAD, NOMBRE, ID_DEPARTAMENTO)
VALUES(22, 'Hermosillo', 11);
INSERT INTO USUARIOS.CIUDAD
(ID_CIUDAD, NOMBRE, ID_DEPARTAMENTO)
VALUES(23, 'Maracay', 19);
INSERT INTO USUARIOS.CIUDAD
(ID_CIUDAD, NOMBRE, ID_DEPARTAMENTO)
VALUES(24, 'Tanguá', 23);
INSERT INTO USUARIOS.CIUDAD
(ID_CIUDAD, NOMBRE, ID_DEPARTAMENTO)
VALUES(25, 'Bogotá', 5);


--Personas
INSERT INTO USUARIOS.PERSONA
(CEDULA, PRIMER_NOMBRE, SEGUNDO_NOMBRE, PRIMER_APELLIDO, SEGUNDO_APELLIDO, CORREO_ELECTRONICO, ID_CIUDAD, DIRECCION)
VALUES('1010153361', 'Laura', 'Alejandra ', 'Suárez ', 'Gutiérrez', 'laurasuarez@gmail.com', 1, 'Conjunto residencial el cortijo torre 5 apto 504');
INSERT INTO USUARIOS.PERSONA
(CEDULA, PRIMER_NOMBRE, SEGUNDO_NOMBRE, PRIMER_APELLIDO, SEGUNDO_APELLIDO, CORREO_ELECTRONICO, ID_CIUDAD, DIRECCION)
VALUES('1005094652', 'Daniel', 'Stiwar ', 'Sánchez', 'Bañol', 'danielsanchez@gmail.com', 2, 'Carrera 26 calle 40-27');
INSERT INTO USUARIOS.PERSONA
(CEDULA, PRIMER_NOMBRE, SEGUNDO_NOMBRE, PRIMER_APELLIDO, SEGUNDO_APELLIDO, CORREO_ELECTRONICO, ID_CIUDAD, DIRECCION)
VALUES('25099712', 'Luz ', 'Stella ', 'Gutiérrez', 'Castaño', 'luzstella@gmail.com', 3, 'Km 7 autopista del café condominio los yarumos casa 4');
INSERT INTO USUARIOS.PERSONA
(CEDULA, PRIMER_NOMBRE, SEGUNDO_NOMBRE, PRIMER_APELLIDO, SEGUNDO_APELLIDO, CORREO_ELECTRONICO, ID_CIUDAD, DIRECCION)
VALUES('25014902', 'Luz ', 'Mery ', 'Castaño ', 'De Gutiérrez', 'luzmery@gmail.com', 4, 'Km 17 via Armenia Pereira');
INSERT INTO USUARIOS.PERSONA
(CEDULA, PRIMER_NOMBRE, SEGUNDO_NOMBRE, PRIMER_APELLIDO, SEGUNDO_APELLIDO, CORREO_ELECTRONICO, ID_CIUDAD, DIRECCION)
VALUES('44945779', 'Lina ', 'Marcela ', 'Sánchez', 'Bañol', 'linasanchez@gmail.com', 5, 'Carrera 4 1-30');
INSERT INTO USUARIOS.PERSONA
(CEDULA, PRIMER_NOMBRE, SEGUNDO_NOMBRE, PRIMER_APELLIDO, SEGUNDO_APELLIDO, CORREO_ELECTRONICO, ID_CIUDAD, DIRECCION)
VALUES('18393395', 'Ángel ', 'Alberto ', 'Suárez ', 'Gómez', 'angelsuarez@gmail.com', 6, 'Sector el Jazmin via Lembo lote 6 frente al conjunto las margaritas');
INSERT INTO USUARIOS.PERSONA
(CEDULA, PRIMER_NOMBRE, SEGUNDO_NOMBRE, PRIMER_APELLIDO, SEGUNDO_APELLIDO, CORREO_ELECTRONICO, ID_CIUDAD, DIRECCION)
VALUES('1030452789', 'Maria ', NULL, 'Manriquez ', 'Osorio', 'mariaosorio@gmail.com', 7, 'Calle 7 10-48');
INSERT INTO USUARIOS.PERSONA
(CEDULA, PRIMER_NOMBRE, SEGUNDO_NOMBRE, PRIMER_APELLIDO, SEGUNDO_APELLIDO, CORREO_ELECTRONICO, ID_CIUDAD, DIRECCION)
VALUES('25411667', 'Enrique', NULL, 'Mejía', 'Diaz', 'enriquemejia@gmail.com', 8, 'Carrera 9 A # 13 - 46, 123456' );
INSERT INTO USUARIOS.PERSONA
(CEDULA, PRIMER_NOMBRE, SEGUNDO_NOMBRE, PRIMER_APELLIDO, SEGUNDO_APELLIDO, CORREO_ELECTRONICO, ID_CIUDAD, DIRECCION)
VALUES('1040562781', 'Angie', 'Carolina', 'Ruiz', 'Acevedo', 'carolinaruiz@gmail.com', 9, 'Calle 19 #13-17 ');
INSERT INTO USUARIOS.PERSONA
(CEDULA, PRIMER_NOMBRE, SEGUNDO_NOMBRE, PRIMER_APELLIDO, SEGUNDO_APELLIDO, CORREO_ELECTRONICO, ID_CIUDAD, DIRECCION)
VALUES('25741698', 'Celina', NULL, 'Acosta', 'Gamez', 'celinaacosta@gmail.com', 10, 'calle 4 #8-26');
INSERT INTO USUARIOS.PERSONA
(CEDULA, PRIMER_NOMBRE, SEGUNDO_NOMBRE, PRIMER_APELLIDO, SEGUNDO_APELLIDO, CORREO_ELECTRONICO, ID_CIUDAD, DIRECCION)
VALUES('1024568772', 'Fredy', 'Francisco', 'Perez', 'Loaiza', 'fredyperez@gmail.com', 11, 'Carrera 36 8A 39, El Poblado');
INSERT INTO USUARIOS.PERSONA
(CEDULA, PRIMER_NOMBRE, SEGUNDO_NOMBRE, PRIMER_APELLIDO, SEGUNDO_APELLIDO, CORREO_ELECTRONICO, ID_CIUDAD, DIRECCION)
VALUES('4512789335', 'Manuel', 'Gerardo', 'López', 'Alarcón', 'gerardolopez@gmail.com', 12, 'Carrera 43a N 75sur-05 unidad messantia');
INSERT INTO USUARIOS.PERSONA
(CEDULA, PRIMER_NOMBRE, SEGUNDO_NOMBRE, PRIMER_APELLIDO, SEGUNDO_APELLIDO, CORREO_ELECTRONICO, ID_CIUDAD, DIRECCION)
VALUES('25014809', 'Maria', 'Jacinta', 'Guillermina', 'Porras', 'jacintaporras@gmail.com', 13, 'Carrera 6#23A sur 35 Apto 114');
INSERT INTO USUARIOS.PERSONA
(CEDULA, PRIMER_NOMBRE, SEGUNDO_NOMBRE, PRIMER_APELLIDO, SEGUNDO_APELLIDO, CORREO_ELECTRONICO, ID_CIUDAD, DIRECCION)
VALUES('1010156647', 'Irma', NULL, 'Dorantes', 'Aguilar', 'irmadorantes@gmail.com', 14, 'Condominios California casa 15');
INSERT INTO USUARIOS.PERSONA
(CEDULA, PRIMER_NOMBRE, SEGUNDO_NOMBRE, PRIMER_APELLIDO, SEGUNDO_APELLIDO, CORREO_ELECTRONICO, ID_CIUDAD, DIRECCION)
VALUES('25016723', 'Victor', 'Hugo', 'Guerrero', 'Alemán', 'victorguerrero@gmail.com', 15, 'Carrera 51 Torre 1 Apartamento 307 ');
INSERT INTO USUARIOS.PERSONA
(CEDULA, PRIMER_NOMBRE, SEGUNDO_NOMBRE, PRIMER_APELLIDO, SEGUNDO_APELLIDO, CORREO_ELECTRONICO, ID_CIUDAD, DIRECCION)
VALUES('1020567498', 'Jose', 'Israel', 'Camacho', 'Alcantar', 'josecamacho@gmail.com', 16, 'Calle 2 #1A - 08');
INSERT INTO USUARIOS.PERSONA
(CEDULA, PRIMER_NOMBRE, SEGUNDO_NOMBRE, PRIMER_APELLIDO, SEGUNDO_APELLIDO, CORREO_ELECTRONICO, ID_CIUDAD, DIRECCION)
VALUES('26578903', 'Rocio', NULL,'Santos', 'Almogabar', 'rociosantos@gmail.com', 17, 'Carrera 15 4-54');
INSERT INTO USUARIOS.PERSONA
(CEDULA, PRIMER_NOMBRE, SEGUNDO_NOMBRE, PRIMER_APELLIDO, SEGUNDO_APELLIDO, CORREO_ELECTRONICO, ID_CIUDAD, DIRECCION)
VALUES('1050674235', 'Jose', 'Rafael', 'Bujanda', 'Andrade', 'rafaelbujanda@gmail.com', 18, 'Calle 15 Norte 4-26');
INSERT INTO USUARIOS.PERSONA
(CEDULA, PRIMER_NOMBRE, SEGUNDO_NOMBRE, PRIMER_APELLIDO, SEGUNDO_APELLIDO, CORREO_ELECTRONICO, ID_CIUDAD, DIRECCION)
VALUES('24013558', 'Miguel','Armando', 'Cruz', 'Palomeque', 'armandopalomeque@gmail.com', 19, 'Calle 10 Parcelación El Placer');
INSERT INTO USUARIOS.PERSONA
(CEDULA, PRIMER_NOMBRE, SEGUNDO_NOMBRE, PRIMER_APELLIDO, SEGUNDO_APELLIDO, CORREO_ELECTRONICO, ID_CIUDAD, DIRECCION)
VALUES('1030647982', 'Gustavo', NULL, 'Villaseñor', 'Aquiles', 'gustavovillaseñor@gmail.com', 20, 'Cra. 9 38-76');
INSERT INTO USUARIOS.PERSONA
(CEDULA, PRIMER_NOMBRE, SEGUNDO_NOMBRE, PRIMER_APELLIDO, SEGUNDO_APELLIDO, CORREO_ELECTRONICO, ID_CIUDAD, DIRECCION)
VALUES('1023564789', 'Aura','Rosalia', 'López', 'Argumosa', 'rosalialopez@gmail.com', 21, '110 Boren Avenue North, South Lake Union');
INSERT INTO USUARIOS.PERSONA
(CEDULA, PRIMER_NOMBRE, SEGUNDO_NOMBRE, PRIMER_APELLIDO, SEGUNDO_APELLIDO, CORREO_ELECTRONICO, ID_CIUDAD, DIRECCION)
VALUES('42357198', 'Diana','Socorro', 'Rodríguez', 'Arias', 'dianarodriguez@gmail.com', 22, ' Boulevard Eusebio Kino, 375. Colonia Lomas Pitic');
INSERT INTO USUARIOS.PERSONA
(CEDULA, PRIMER_NOMBRE, SEGUNDO_NOMBRE, PRIMER_APELLIDO, SEGUNDO_APELLIDO, CORREO_ELECTRONICO, ID_CIUDAD, DIRECCION)
VALUES('1067429873', 'Oscar', 'Guillermo', 'Romero', 'Armenta', 'oscarromero@gmail.com', 23, 'Avenida Las Delicias Sector el Toro 21-01');
INSERT INTO USUARIOS.PERSONA
(CEDULA, PRIMER_NOMBRE, SEGUNDO_NOMBRE, PRIMER_APELLIDO, SEGUNDO_APELLIDO, CORREO_ELECTRONICO, ID_CIUDAD, DIRECCION)
VALUES('26743125', 'Javier', NULL, 'Viñas', 'Arnaud', 'javierarnaud@gmail.com', 24, 'Avenida do Canal Sítio cor verde claro');
INSERT INTO USUARIOS.PERSONA
(CEDULA, PRIMER_NOMBRE, SEGUNDO_NOMBRE, PRIMER_APELLIDO, SEGUNDO_APELLIDO, CORREO_ELECTRONICO, ID_CIUDAD, DIRECCION)
VALUES('1090457881', 'Javier', 'Leonardo', 'Ovalle', 'Arredondo', 'javierovalle@gmail.com', 25, 'Calle 87 N° 19 - 21, Parque El Virrey, Chapinero');
INSERT INTO USUARIOS.PERSONA
(CEDULA, PRIMER_NOMBRE, SEGUNDO_NOMBRE, PRIMER_APELLIDO, SEGUNDO_APELLIDO, CORREO_ELECTRONICO, ID_CIUDAD, DIRECCION)
VALUES('25019430', 'Jadilson' , NULL, 'Alonso', 'Navarro', 'jadilsonnavarro@gmail.com', 1, 'Calle 21 Norte Edificio Panoramika, Apartamento 607');
INSERT INTO USUARIOS.PERSONA
(CEDULA, PRIMER_NOMBRE, SEGUNDO_NOMBRE, PRIMER_APELLIDO, SEGUNDO_APELLIDO, CORREO_ELECTRONICO, ID_CIUDAD, DIRECCION)
VALUES('41932500', 'Luz' ,'Stella' , 'Estrada', 'Ramirez', 'luzestrada@gmail.com', 2, 'Carrera 26 39-56');
INSERT INTO USUARIOS.PERSONA
(CEDULA, PRIMER_NOMBRE, SEGUNDO_NOMBRE, PRIMER_APELLIDO, SEGUNDO_APELLIDO, CORREO_ELECTRONICO, ID_CIUDAD, DIRECCION)
VALUES('27450112', 'Mariana', NULL, 'Carvajal', 'Arce', 'marianacarvajal@gmail.com', 3, ' Kilometro 2 Via Circasia la Vereda la Pola');
INSERT INTO USUARIOS.PERSONA
(CEDULA, PRIMER_NOMBRE, SEGUNDO_NOMBRE, PRIMER_APELLIDO, SEGUNDO_APELLIDO, CORREO_ELECTRONICO, ID_CIUDAD, DIRECCION)
VALUES('47856997', 'Maria', 'Camila', 'Martinez', 'Aristizabal', 'camilamartinez@gmail.com', 4, 'Cra 6 #8-06');
INSERT INTO USUARIOS.PERSONA
(CEDULA, PRIMER_NOMBRE, SEGUNDO_NOMBRE, PRIMER_APELLIDO, SEGUNDO_APELLIDO, CORREO_ELECTRONICO, ID_CIUDAD, DIRECCION)
VALUES('250158764', 'Luis', 'Antonio', 'Nava', 'Herrera', 'luisnava@gmail.com', 5, 'Carrera 8 #5-28 apartamento 201');
INSERT INTO USUARIOS.PERSONA
(CEDULA, PRIMER_NOMBRE, SEGUNDO_NOMBRE, PRIMER_APELLIDO, SEGUNDO_APELLIDO, CORREO_ELECTRONICO, ID_CIUDAD, DIRECCION)
VALUES('18256945', 'Tomás', 'Alonso', 'Silva', 'Marquez', 'tomassilva@gmail.com', 6, 'Carrera 15 #16-79');
INSERT INTO USUARIOS.PERSONA
(CEDULA, PRIMER_NOMBRE, SEGUNDO_NOMBRE, PRIMER_APELLIDO, SEGUNDO_APELLIDO, CORREO_ELECTRONICO, ID_CIUDAD, DIRECCION)
VALUES('1005478621', 'Ximena', NULL, 'Pérez', 'Suárez', 'ximenaperez@gmail.com', 7, 'Viterbo-Apía 91-983 segundo piso');
INSERT INTO USUARIOS.PERSONA
(CEDULA, PRIMER_NOMBRE, SEGUNDO_NOMBRE, PRIMER_APELLIDO, SEGUNDO_APELLIDO, CORREO_ELECTRONICO, ID_CIUDAD, DIRECCION)
VALUES('1010152264', 'Jose', 'Fernando', 'Barreda', 'Arredondo', 'josebarreda@gmail.com', 8, 'Carrera 4 #17-25');
INSERT INTO USUARIOS.PERSONA
(CEDULA, PRIMER_NOMBRE, SEGUNDO_NOMBRE, PRIMER_APELLIDO, SEGUNDO_APELLIDO, CORREO_ELECTRONICO, ID_CIUDAD, DIRECCION)
VALUES('24652314', 'Maria', 'Carolina', 'Nuñez', 'Aranda', 'carolinaaranda@gmail.com', 9, 'A 800 mts de Cristo Rey Bajando para la Virginia Vereda Finca Guayabito');
INSERT INTO USUARIOS.PERSONA
(CEDULA, PRIMER_NOMBRE, SEGUNDO_NOMBRE, PRIMER_APELLIDO, SEGUNDO_APELLIDO, CORREO_ELECTRONICO, ID_CIUDAD, DIRECCION)
VALUES('18123564', 'Felipe', 'Aurelio', 'Rendón', 'Carrasco', 'feliperendon@gmail.com', 10, 'Carrera 7 #14-29');
INSERT INTO USUARIOS.PERSONA
(CEDULA, PRIMER_NOMBRE, SEGUNDO_NOMBRE, PRIMER_APELLIDO, SEGUNDO_APELLIDO, CORREO_ELECTRONICO, ID_CIUDAD, DIRECCION)
VALUES('10101254478', 'Maria', 'Fernanda', 'Valer', 'Tarazona', 'fernandavaler@gmail.com', 11, 'Circular 2 Barrio Laureles #71-22');
INSERT INTO USUARIOS.PERSONA
(CEDULA, PRIMER_NOMBRE, SEGUNDO_NOMBRE, PRIMER_APELLIDO, SEGUNDO_APELLIDO, CORREO_ELECTRONICO, ID_CIUDAD, DIRECCION)
VALUES('1020145875', 'Saul', NULL, 'Cortez','Tello', 'saulcortez@gmail.com', 12, 'Calle 78E Sur #47C-80');
INSERT INTO USUARIOS.PERSONA
(CEDULA, PRIMER_NOMBRE, SEGUNDO_NOMBRE, PRIMER_APELLIDO, SEGUNDO_APELLIDO, CORREO_ELECTRONICO, ID_CIUDAD, DIRECCION)
VALUES('24056879', 'Claudia', 'Patricia', 'Ordoñez', 'Quiceno', 'claudiaquiceno@gmail.com', 13, 'Cra 6 # 23a sur 35 olive country living suites');
INSERT INTO USUARIOS.PERSONA
(CEDULA, PRIMER_NOMBRE, SEGUNDO_NOMBRE, PRIMER_APELLIDO, SEGUNDO_APELLIDO, CORREO_ELECTRONICO, ID_CIUDAD, DIRECCION)
VALUES('1010120123', 'Juan', 'Manuel', 'Chilca', 'Barahorda', 'manuelchilca@gmail.com', 14, 'Avenida 40 51-110 Nuevo Milenio Apartamentos');
INSERT INTO USUARIOS.PERSONA
(CEDULA, PRIMER_NOMBRE, SEGUNDO_NOMBRE, PRIMER_APELLIDO, SEGUNDO_APELLIDO, CORREO_ELECTRONICO, ID_CIUDAD, DIRECCION)
VALUES('24125987', 'Nicol', NULL, 'Murcia', 'Marulanda', 'nicolmurcia@gmail.com', 15, 'Carrera 51 96 Sur-50 Torre 1 Apartamento 307');
INSERT INTO USUARIOS.PERSONA
(CEDULA, PRIMER_NOMBRE, SEGUNDO_NOMBRE, PRIMER_APELLIDO, SEGUNDO_APELLIDO, CORREO_ELECTRONICO, ID_CIUDAD, DIRECCION)
VALUES('1010124568', 'Carlos', 'José', 'Florez', 'Florez', 'carlosflorez@gmail.com', 16, 'Calle 1 #5B-17');
INSERT INTO USUARIOS.PERSONA
(CEDULA, PRIMER_NOMBRE, SEGUNDO_NOMBRE, PRIMER_APELLIDO, SEGUNDO_APELLIDO, CORREO_ELECTRONICO, ID_CIUDAD, DIRECCION)
VALUES('25013259', 'Hanah', 'Sofia', 'Montoya', 'Bernal', 'sofiamontoya@gmail.com', 17, 'Carrera 17 #9-73');
INSERT INTO USUARIOS.PERSONA
(CEDULA, PRIMER_NOMBRE, SEGUNDO_NOMBRE, PRIMER_APELLIDO, SEGUNDO_APELLIDO, CORREO_ELECTRONICO, ID_CIUDAD, DIRECCION)
VALUES('1010152453', 'Maria', 'Fernanda', 'Camacho', 'Gutiérrez', 'mariacamacho@gmail.com', 18, 'Calle 23B #5N-14');
INSERT INTO USUARIOS.PERSONA
(CEDULA, PRIMER_NOMBRE, SEGUNDO_NOMBRE, PRIMER_APELLIDO, SEGUNDO_APELLIDO, CORREO_ELECTRONICO, ID_CIUDAD, DIRECCION)
VALUES('1012456789', 'Samuel', NULL, 'Rojas', 'Ortegón', 'samuelrojas@gmail.com', 19, 'Calle 29 #1N-03');
INSERT INTO USUARIOS.PERSONA
(CEDULA, PRIMER_NOMBRE, SEGUNDO_NOMBRE, PRIMER_APELLIDO, SEGUNDO_APELLIDO, CORREO_ELECTRONICO, ID_CIUDAD, DIRECCION)
VALUES('1034568997', 'Juliana', NULL, 'Huertas', 'Leal', 'julianahuertas@gmail.com', 20, 'Calle Del Arsenal #10-32');
INSERT INTO USUARIOS.PERSONA
(CEDULA, PRIMER_NOMBRE, SEGUNDO_NOMBRE, PRIMER_APELLIDO, SEGUNDO_APELLIDO, CORREO_ELECTRONICO, ID_CIUDAD, DIRECCION)
VALUES('25015448', 'Maria', 'De los angeles', 'Noreña', 'Holguín', 'mariaholguin@gmail.com', 21, '300 Terry Avenue North, South Lake Union');
INSERT INTO USUARIOS.PERSONA
(CEDULA, PRIMER_NOMBRE, SEGUNDO_NOMBRE, PRIMER_APELLIDO, SEGUNDO_APELLIDO, CORREO_ELECTRONICO, ID_CIUDAD, DIRECCION)
VALUES('1010124210', 'Stefania', NULL, 'Medina', 'Parra', 'stefaniamedina@gmail.com', 22, 'Colonia vasco de gama 83-55');
INSERT INTO USUARIOS.PERSONA
(CEDULA, PRIMER_NOMBRE, SEGUNDO_NOMBRE, PRIMER_APELLIDO, SEGUNDO_APELLIDO, CORREO_ELECTRONICO, ID_CIUDAD, DIRECCION)
VALUES('1050142265', 'Manuela', NULL, 'Builes', 'Salazar', 'manuelabuiles@gmail.com', 23, 'Avenida las delicias 21-01');
INSERT INTO USUARIOS.PERSONA
(CEDULA, PRIMER_NOMBRE, SEGUNDO_NOMBRE, PRIMER_APELLIDO, SEGUNDO_APELLIDO, CORREO_ELECTRONICO, ID_CIUDAD, DIRECCION)
VALUES('1010124887', 'Etnie', 'Salomé', 'Diaz', 'Toro', 'salomediaz@gmail.com', 24, 'Rua Débora Nogueira da Silva N 555');
INSERT INTO USUARIOS.PERSONA
(CEDULA, PRIMER_NOMBRE, SEGUNDO_NOMBRE, PRIMER_APELLIDO, SEGUNDO_APELLIDO, CORREO_ELECTRONICO, ID_CIUDAD, DIRECCION)
VALUES('1010120024', 'Mateo', NULL, 'Estrada', 'Ramirez', 'mateoestrada@gmail.com', 25, 'Calle 116 #15-64, Usaquén');
INSERT INTO USUARIOS.PERSONA
(CEDULA, PRIMER_NOMBRE, SEGUNDO_NOMBRE, PRIMER_APELLIDO, SEGUNDO_APELLIDO, CORREO_ELECTRONICO, ID_CIUDAD, DIRECCION)
VALUES('1010152348', 'Maria', 'Graciela', 'Gutiérrez', 'Escobar', 'gracielagutierrez@gmail.com', 1, 'Barrio la patria manzana 54-53');
INSERT INTO USUARIOS.PERSONA
(CEDULA, PRIMER_NOMBRE, SEGUNDO_NOMBRE, PRIMER_APELLIDO, SEGUNDO_APELLIDO, CORREO_ELECTRONICO, ID_CIUDAD, DIRECCION)
VALUES('1010245632', 'Manuela', NULL, 'Valencia', 'Montoya', 'manuelavalencia@gmail.com', 1, 'Carrera 28A #55-56');
INSERT INTO USUARIOS.PERSONA
(CEDULA, PRIMER_NOMBRE, SEGUNDO_NOMBRE, PRIMER_APELLIDO, SEGUNDO_APELLIDO, CORREO_ELECTRONICO, ID_CIUDAD, DIRECCION)
VALUES('1010147852', 'Manuela', NULL, 'Rodriguez', 'Rodriguez', 'manuelarodriguez@gmail.com', 1, 'Urbanización el cortijo bloque 4 apto 101');
INSERT INTO USUARIOS.PERSONA
(CEDULA, PRIMER_NOMBRE, SEGUNDO_NOMBRE, PRIMER_APELLIDO, SEGUNDO_APELLIDO, CORREO_ELECTRONICO, ID_CIUDAD, DIRECCION)
VALUES('1020153426', 'Andrés', 'Camilo', 'Zuluaga', 'Rendón', 'camilozuluaga@gmail.com', 1, 'Barrio los andes manzana C #24');
INSERT INTO USUARIOS.PERSONA
(CEDULA, PRIMER_NOMBRE, SEGUNDO_NOMBRE, PRIMER_APELLIDO, SEGUNDO_APELLIDO, CORREO_ELECTRONICO, ID_CIUDAD, DIRECCION)
VALUES('1010452214', 'Bahian', 'Sebastian', 'Murcia', 'Agudelo', 'sebastianmurcia@gmail.com', 1, 'Conjunto residencial agua bonita torre 2 apto 204');

--Clientes
INSERT INTO USUARIOS.CLIENTE
(CEDULA_PERSONA)
VALUES('1005094652');
INSERT INTO USUARIOS.CLIENTE
(CEDULA_PERSONA)
VALUES('1005478621');
INSERT INTO USUARIOS.CLIENTE
(CEDULA_PERSONA)
VALUES('1010120024');
INSERT INTO USUARIOS.CLIENTE
(CEDULA_PERSONA)
VALUES('1010120123');
INSERT INTO USUARIOS.CLIENTE
(CEDULA_PERSONA)
VALUES('1010124210');
INSERT INTO USUARIOS.CLIENTE
(CEDULA_PERSONA)
VALUES('1010124568');
INSERT INTO USUARIOS.CLIENTE
(CEDULA_PERSONA)
VALUES('1010124887');
INSERT INTO USUARIOS.CLIENTE
(CEDULA_PERSONA)
VALUES('10101254478');
INSERT INTO USUARIOS.CLIENTE
(CEDULA_PERSONA)
VALUES('1010152264');
INSERT INTO USUARIOS.CLIENTE
(CEDULA_PERSONA)
VALUES('1010152453');
INSERT INTO USUARIOS.CLIENTE
(CEDULA_PERSONA)
VALUES('1010153361');
INSERT INTO USUARIOS.CLIENTE
(CEDULA_PERSONA)
VALUES('1010156647');
INSERT INTO USUARIOS.CLIENTE
(CEDULA_PERSONA)
VALUES('1012456789');
INSERT INTO USUARIOS.CLIENTE
(CEDULA_PERSONA)
VALUES('1020145875');
INSERT INTO USUARIOS.CLIENTE
(CEDULA_PERSONA)
VALUES('1020567498');
INSERT INTO USUARIOS.CLIENTE
(CEDULA_PERSONA)
VALUES('1023564789');
INSERT INTO USUARIOS.CLIENTE
(CEDULA_PERSONA)
VALUES('1024568772');
INSERT INTO USUARIOS.CLIENTE
(CEDULA_PERSONA)
VALUES('1030452789');
INSERT INTO USUARIOS.CLIENTE
(CEDULA_PERSONA)
VALUES('1030647982');
INSERT INTO USUARIOS.CLIENTE
(CEDULA_PERSONA)
VALUES('1034568997');
INSERT INTO USUARIOS.CLIENTE
(CEDULA_PERSONA)
VALUES('1040562781');
INSERT INTO USUARIOS.CLIENTE
(CEDULA_PERSONA)
VALUES('1050142265');
INSERT INTO USUARIOS.CLIENTE
(CEDULA_PERSONA)
VALUES('1050674235');
INSERT INTO USUARIOS.CLIENTE
(CEDULA_PERSONA)
VALUES('1067429873');
INSERT INTO USUARIOS.CLIENTE
(CEDULA_PERSONA)
VALUES('1090457881');

--Tipo 
INSERT INTO USUARIOS.TIPO
(ID_TIPO, DESCRIPCION, CATEGORIA)
VALUES(1, 'Teléfono', 'Personal');
INSERT INTO USUARIOS.TIPO
(ID_TIPO, DESCRIPCION, CATEGORIA)
VALUES(2, 'Teléfono', 'Trabajo');
INSERT INTO USUARIOS.TIPO
(ID_TIPO, DESCRIPCION, CATEGORIA)
VALUES(5, 'Empleado', 'Cajero');
INSERT INTO USUARIOS.TIPO
(ID_TIPO, DESCRIPCION, CATEGORIA)
VALUES(6, 'Empleado', 'Jefe de oficina');
INSERT INTO USUARIOS.TIPO
(ID_TIPO, DESCRIPCION, CATEGORIA)
VALUES(7, 'Empleado', 'Analista de créditos');
INSERT INTO USUARIOS.TIPO
(ID_TIPO, DESCRIPCION, CATEGORIA)
VALUES(8, 'Empleado', 'CEO');
INSERT INTO USUARIOS.TIPO
(ID_TIPO, DESCRIPCION, CATEGORIA)
VALUES(9, 'Empleado', 'Presidente');
INSERT INTO USUARIOS.TIPO
(ID_TIPO, DESCRIPCION, CATEGORIA)
VALUES(10, 'Empleado', 'Vicepresidente');
INSERT INTO USUARIOS.TIPO
(ID_TIPO, DESCRIPCION, CATEGORIA)
VALUES(11, 'Empleado', 'Director de departamento');
INSERT INTO USUARIOS.TIPO
(ID_TIPO, DESCRIPCION, CATEGORIA)
VALUES(12, 'Empleado', 'Supervisor');
INSERT INTO USUARIOS.TIPO
(ID_TIPO, DESCRIPCION, CATEGORIA)
VALUES(13, 'Cuenta', 'Ahorros');
INSERT INTO USUARIOS.TIPO
(ID_TIPO, DESCRIPCION, CATEGORIA)
VALUES(14, 'Cuenta', 'Corriente ');
INSERT INTO USUARIOS.TIPO
(ID_TIPO, DESCRIPCION, CATEGORIA)
VALUES(15, 'Cuenta', 'Nómina');
INSERT INTO USUARIOS.TIPO
(ID_TIPO, DESCRIPCION, CATEGORIA)
VALUES(16, 'Cuenta', 'Pensión');
INSERT INTO USUARIOS.TIPO
(ID_TIPO, DESCRIPCION, CATEGORIA)
VALUES(17, 'Cuenta', 'AFC');
INSERT INTO USUARIOS.TIPO
(ID_TIPO, DESCRIPCION, CATEGORIA)
VALUES(18, 'Cuenta', 'Ahorro programado');
INSERT INTO USUARIOS.TIPO
(ID_TIPO, DESCRIPCION, CATEGORIA)
VALUES(19, 'Cuenta', 'Exterior');
INSERT INTO USUARIOS.TIPO
(ID_TIPO, DESCRIPCION, CATEGORIA)
VALUES(20, 'Crédito', 'Consumo');
INSERT INTO USUARIOS.TIPO
(ID_TIPO, DESCRIPCION, CATEGORIA)
VALUES(21, 'Crédito', 'Vivienda');
INSERT INTO USUARIOS.TIPO
(ID_TIPO, DESCRIPCION, CATEGORIA)
VALUES(22, 'Crédito', 'Negocio');
INSERT INTO USUARIOS.TIPO
(ID_TIPO, DESCRIPCION, CATEGORIA)
VALUES(23, 'Crédito', 'Vehículo');
INSERT INTO USUARIOS.TIPO
(ID_TIPO, DESCRIPCION, CATEGORIA)
VALUES(24, 'Crédito', 'Estudio');
INSERT INTO USUARIOS.TIPO
(ID_TIPO, DESCRIPCION, CATEGORIA)
VALUES(25, 'Seguro', 'Salud y vida');
INSERT INTO USUARIOS.TIPO
(ID_TIPO, DESCRIPCION, CATEGORIA)
VALUES(26, 'Seguro', 'Empleados e independientes');
INSERT INTO USUARIOS.TIPO
(ID_TIPO, DESCRIPCION, CATEGORIA)
VALUES(27, 'Seguro', 'Fraude');
INSERT INTO USUARIOS.TIPO
(ID_TIPO, DESCRIPCION, CATEGORIA)
VALUES(28, 'Seguro', 'Deuda');
INSERT INTO USUARIOS.TIPO
(ID_TIPO, DESCRIPCION, CATEGORIA)
VALUES(29, 'Seguro', 'Online');
INSERT INTO USUARIOS.TIPO
(ID_TIPO, DESCRIPCION, CATEGORIA)
VALUES(30, 'Seguro', 'Asistencia');
INSERT INTO USUARIOS.TIPO
(ID_TIPO, DESCRIPCION, CATEGORIA)
VALUES(31, 'Solicitud', 'Cuenta');
INSERT INTO USUARIOS.TIPO
(ID_TIPO, DESCRIPCION, CATEGORIA)
VALUES(32, 'Solicitud', 'Crédito');
INSERT INTO USUARIOS.TIPO
(ID_TIPO, DESCRIPCION, CATEGORIA)
VALUES(33, 'Solicitud', 'Seguro');
INSERT INTO USUARIOS.TIPO
(ID_TIPO, DESCRIPCION, CATEGORIA)
VALUES(34, 'Empleado', 'Telemercadeo');
INSERT INTO USUARIOS.TIPO
(ID_TIPO, DESCRIPCION, CATEGORIA)
VALUES(35, 'Tarjeta de crédito', 'Visa');
INSERT INTO USUARIOS.TIPO
(ID_TIPO, DESCRIPCION, CATEGORIA)
VALUES(36, 'Tarjeta de crédito', 'Mastercard');

INSERT INTO USUARIOS.TIPO
(ID_TIPO, DESCRIPCION, CATEGORIA)
VALUES(37, 'Cuenta', NULL);
INSERT INTO USUARIOS.TIPO
(ID_TIPO, DESCRIPCION, CATEGORIA)
VALUES(38, 'Tarjeta de crédito', NULL);
INSERT INTO USUARIOS.TIPO
(ID_TIPO, DESCRIPCION, CATEGORIA)
VALUES(39, 'Crédito', NULL);
INSERT INTO USUARIOS.TIPO
(ID_TIPO, DESCRIPCION, CATEGORIA)
VALUES(40, 'Seguro', NULL);


--Sucursales
INSERT INTO USUARIOS.SUCURSAL
(ID_SUCURSAL, NOMBRE, ID_CIUDAD)
VALUES(1, 'Banca Express', 1);
INSERT INTO USUARIOS.SUCURSAL
(ID_SUCURSAL, NOMBRE, ID_CIUDAD)
VALUES(2, 'Banca Express Calarcá', 2);
INSERT INTO USUARIOS.SUCURSAL
(ID_SUCURSAL, NOMBRE, ID_CIUDAD)
VALUES(3, 'Banca Express Circasia', 3);
INSERT INTO USUARIOS.SUCURSAL
(ID_SUCURSAL, NOMBRE, ID_CIUDAD)
VALUES(4, 'Banca Express Filandia', 4);
INSERT INTO USUARIOS.SUCURSAL
(ID_SUCURSAL, NOMBRE, ID_CIUDAD)
VALUES(5, 'Banca Express Salento  ', 5);
INSERT INTO USUARIOS.SUCURSAL
(ID_SUCURSAL, NOMBRE, ID_CIUDAD)
VALUES(6, 'Banca Express Santa Rosa', 6);
INSERT INTO USUARIOS.SUCURSAL
(ID_SUCURSAL, NOMBRE, ID_CIUDAD)
VALUES(7, 'Banca Express Santuario', 7);
INSERT INTO USUARIOS.SUCURSAL
(ID_SUCURSAL, NOMBRE, ID_CIUDAD)
VALUES(8, 'Banca Express Mistrato', 8);
INSERT INTO USUARIOS.SUCURSAL
(ID_SUCURSAL, NOMBRE, ID_CIUDAD)
VALUES(9, 'Banca Express Marsella', 9);
INSERT INTO USUARIOS.SUCURSAL
(ID_SUCURSAL, NOMBRE, ID_CIUDAD)
VALUES(10, 'Banca Express Quinchia', 10);
INSERT INTO USUARIOS.SUCURSAL
(ID_SUCURSAL, NOMBRE, ID_CIUDAD)
VALUES(11, 'Banca Express Medellín', 11);
INSERT INTO USUARIOS.SUCURSAL
(ID_SUCURSAL, NOMBRE, ID_CIUDAD)
VALUES(12, 'Banca Express Sabaneta', 12);
INSERT INTO USUARIOS.SUCURSAL
(ID_SUCURSAL, NOMBRE, ID_CIUDAD)
VALUES(13, 'Banca Express Envigado', 13);
INSERT INTO USUARIOS.SUCURSAL
(ID_SUCURSAL, NOMBRE, ID_CIUDAD)
VALUES(14, 'Banca Express Copacabana', 14);
INSERT INTO USUARIOS.SUCURSAL
(ID_SUCURSAL, NOMBRE, ID_CIUDAD)
VALUES(15, 'Banca Express La Estrella', 15);
INSERT INTO USUARIOS.SUCURSAL
(ID_SUCURSAL, NOMBRE, ID_CIUDAD)
VALUES(16, 'Banca Express Buenaventura', 16);
INSERT INTO USUARIOS.SUCURSAL
(ID_SUCURSAL, NOMBRE, ID_CIUDAD)
VALUES(17, 'Banca Express Buga', 17);
INSERT INTO USUARIOS.SUCURSAL
(ID_SUCURSAL, NOMBRE, ID_CIUDAD)
VALUES(18, 'Banca Express Cali', 18);
INSERT INTO USUARIOS.SUCURSAL
(ID_SUCURSAL, NOMBRE, ID_CIUDAD)
VALUES(19, 'Banca Express Cartago', 19);
INSERT INTO USUARIOS.SUCURSAL
(ID_SUCURSAL, NOMBRE, ID_CIUDAD)
VALUES(20, 'Banca Express Bolivar', 20);
INSERT INTO USUARIOS.SUCURSAL
(ID_SUCURSAL, NOMBRE, ID_CIUDAD)
VALUES(21, 'Banca Express Seattle', 21);
INSERT INTO USUARIOS.SUCURSAL
(ID_SUCURSAL, NOMBRE, ID_CIUDAD)
VALUES(22, 'Banca Express Hermosillo ', 22);
INSERT INTO USUARIOS.SUCURSAL
(ID_SUCURSAL, NOMBRE, ID_CIUDAD)
VALUES(23, 'Banca Express Maracay', 23);
INSERT INTO USUARIOS.SUCURSAL
(ID_SUCURSAL, NOMBRE, ID_CIUDAD)
VALUES(24, 'Banca Express Tanguá', 24);
INSERT INTO USUARIOS.SUCURSAL
(ID_SUCURSAL, NOMBRE, ID_CIUDAD)
VALUES(25, 'Banca Express Bogotá', 25);

--Empleados
INSERT INTO USUARIOS.EMPLEADO
(CEDULA_PERSONA, JEFE, TIPO_ID_TIPO, SUCURSAL_ID_SUCURSAL)
VALUES('18123564', NULL, 8, 1);
INSERT INTO USUARIOS.EMPLEADO
(CEDULA_PERSONA, JEFE, TIPO_ID_TIPO, SUCURSAL_ID_SUCURSAL)
VALUES('18256945', '18123564', 9, 1);
INSERT INTO USUARIOS.EMPLEADO
(CEDULA_PERSONA, JEFE, TIPO_ID_TIPO, SUCURSAL_ID_SUCURSAL)
VALUES('18393395', '18256945', 10, 1);
INSERT INTO USUARIOS.EMPLEADO
(CEDULA_PERSONA, JEFE, TIPO_ID_TIPO, SUCURSAL_ID_SUCURSAL)
VALUES('24013558', '18393395', 11, 1);
INSERT INTO USUARIOS.EMPLEADO
(CEDULA_PERSONA, JEFE, TIPO_ID_TIPO, SUCURSAL_ID_SUCURSAL)
VALUES('24056879', '24013558', 6, 1);
INSERT INTO USUARIOS.EMPLEADO
(CEDULA_PERSONA, JEFE, TIPO_ID_TIPO, SUCURSAL_ID_SUCURSAL)
VALUES('24125987', '24056879', 7, 1);
INSERT INTO USUARIOS.EMPLEADO
(CEDULA_PERSONA, JEFE, TIPO_ID_TIPO, SUCURSAL_ID_SUCURSAL)
VALUES('24652314', '24125987', 12, 1);
INSERT INTO USUARIOS.EMPLEADO
(CEDULA_PERSONA, JEFE, TIPO_ID_TIPO, SUCURSAL_ID_SUCURSAL)
VALUES('25013259', '24652314', 5, 1);
INSERT INTO USUARIOS.EMPLEADO
(CEDULA_PERSONA, JEFE, TIPO_ID_TIPO, SUCURSAL_ID_SUCURSAL)
VALUES('25014809', '24652314', 5, 1);
INSERT INTO USUARIOS.EMPLEADO
(CEDULA_PERSONA, JEFE, TIPO_ID_TIPO, SUCURSAL_ID_SUCURSAL)
VALUES('25014902', '24652314', 5, 1);
INSERT INTO USUARIOS.EMPLEADO
(CEDULA_PERSONA, JEFE, TIPO_ID_TIPO, SUCURSAL_ID_SUCURSAL)
VALUES('25015448', '24652314', 5, 1);
INSERT INTO USUARIOS.EMPLEADO
(CEDULA_PERSONA, JEFE, TIPO_ID_TIPO, SUCURSAL_ID_SUCURSAL)
VALUES('250158764', '24652314', 5, 1);
INSERT INTO USUARIOS.EMPLEADO
(CEDULA_PERSONA, JEFE, TIPO_ID_TIPO, SUCURSAL_ID_SUCURSAL)
VALUES('25016723', NULL, 8, 2);
INSERT INTO USUARIOS.EMPLEADO
(CEDULA_PERSONA, JEFE, TIPO_ID_TIPO, SUCURSAL_ID_SUCURSAL)
VALUES('25019430', '25016723', 9, 2);
INSERT INTO USUARIOS.EMPLEADO
(CEDULA_PERSONA, JEFE, TIPO_ID_TIPO, SUCURSAL_ID_SUCURSAL)
VALUES('25099712', '25019430', 10, 2);
INSERT INTO USUARIOS.EMPLEADO
(CEDULA_PERSONA, JEFE, TIPO_ID_TIPO, SUCURSAL_ID_SUCURSAL)
VALUES('25411667', '25099712', 11, 2);
INSERT INTO USUARIOS.EMPLEADO
(CEDULA_PERSONA, JEFE, TIPO_ID_TIPO, SUCURSAL_ID_SUCURSAL)
VALUES('25741698', '25411667', 6, 2);
INSERT INTO USUARIOS.EMPLEADO
(CEDULA_PERSONA, JEFE, TIPO_ID_TIPO, SUCURSAL_ID_SUCURSAL)
VALUES('26578903', '25741698', 7, 2);
INSERT INTO USUARIOS.EMPLEADO
(CEDULA_PERSONA, JEFE, TIPO_ID_TIPO, SUCURSAL_ID_SUCURSAL)
VALUES('26743125', '26578903', 12, 2);
INSERT INTO USUARIOS.EMPLEADO
(CEDULA_PERSONA, JEFE, TIPO_ID_TIPO, SUCURSAL_ID_SUCURSAL)
VALUES('27450112', '26743125', 5, 2);
INSERT INTO USUARIOS.EMPLEADO
(CEDULA_PERSONA, JEFE, TIPO_ID_TIPO, SUCURSAL_ID_SUCURSAL)
VALUES('41932500', '26743125', 5, 2);
INSERT INTO USUARIOS.EMPLEADO
(CEDULA_PERSONA, JEFE, TIPO_ID_TIPO, SUCURSAL_ID_SUCURSAL)
VALUES('42357198', '26743125', 5, 2);
INSERT INTO USUARIOS.EMPLEADO
(CEDULA_PERSONA, JEFE, TIPO_ID_TIPO, SUCURSAL_ID_SUCURSAL)
VALUES('44945779', '26743125', 5, 2);
INSERT INTO USUARIOS.EMPLEADO
(CEDULA_PERSONA, JEFE, TIPO_ID_TIPO, SUCURSAL_ID_SUCURSAL)
VALUES('4512789335', '26743125', 5, 2);
INSERT INTO USUARIOS.EMPLEADO
(CEDULA_PERSONA, JEFE, TIPO_ID_TIPO, SUCURSAL_ID_SUCURSAL)
VALUES('47856997', NULL, 8, 3);
INSERT INTO USUARIOS.EMPLEADO
(CEDULA_PERSONA, JEFE, TIPO_ID_TIPO, SUCURSAL_ID_SUCURSAL)
VALUES('1010152348', '24652314', 34, 1);
INSERT INTO USUARIOS.EMPLEADO
(CEDULA_PERSONA, JEFE, TIPO_ID_TIPO, SUCURSAL_ID_SUCURSAL)
VALUES('1010245632', '24652314', 34, 1);
INSERT INTO USUARIOS.EMPLEADO
(CEDULA_PERSONA, JEFE, TIPO_ID_TIPO, SUCURSAL_ID_SUCURSAL)
VALUES('1010147852', '24652314', 34, 1);
INSERT INTO USUARIOS.EMPLEADO
(CEDULA_PERSONA, JEFE, TIPO_ID_TIPO, SUCURSAL_ID_SUCURSAL)
VALUES('1020153426', '24652314', 34, 1);
INSERT INTO USUARIOS.EMPLEADO
(CEDULA_PERSONA, JEFE, TIPO_ID_TIPO, SUCURSAL_ID_SUCURSAL)
VALUES('1010452214', '24652314', 34, 1);



--Telefonos
INSERT INTO USUARIOS.TELEFONO
(TELEFONO, ID_TIPO, CEDULA_CLIENTE)
VALUES('3223631932', 1, '1005094652');
INSERT INTO USUARIOS.TELEFONO
(TELEFONO, ID_TIPO, CEDULA_CLIENTE)
VALUES('3128280008', 1, '1005478621');
INSERT INTO USUARIOS.TELEFONO
(TELEFONO, ID_TIPO, CEDULA_CLIENTE)
VALUES('3113554471', 1, '1010120024');
INSERT INTO USUARIOS.TELEFONO
(TELEFONO, ID_TIPO, CEDULA_CLIENTE)
VALUES('3235311075', 1, '1010120123');
INSERT INTO USUARIOS.TELEFONO
(TELEFONO, ID_TIPO, CEDULA_CLIENTE)
VALUES('3136155161', 1, '1010124210');
INSERT INTO USUARIOS.TELEFONO
(TELEFONO, ID_TIPO, CEDULA_CLIENTE)
VALUES('3113718845', 1, '1010124568');
INSERT INTO USUARIOS.TELEFONO
(TELEFONO, ID_TIPO, CEDULA_CLIENTE)
VALUES('3044233221', 1, '1010124887');
INSERT INTO USUARIOS.TELEFONO
(TELEFONO, ID_TIPO, CEDULA_CLIENTE)
VALUES('3117548589', 1, '10101254478');
INSERT INTO USUARIOS.TELEFONO
(TELEFONO, ID_TIPO, CEDULA_CLIENTE)
VALUES('3147484759', 1, '1010152264');
INSERT INTO USUARIOS.TELEFONO
(TELEFONO, ID_TIPO, CEDULA_CLIENTE)
VALUES('3178539496', 1, '1010152453');
INSERT INTO USUARIOS.TELEFONO
(TELEFONO, ID_TIPO, CEDULA_CLIENTE)
VALUES('3215185013', 1, '1010153361');
INSERT INTO USUARIOS.TELEFONO
(TELEFONO, ID_TIPO, CEDULA_CLIENTE)
VALUES('3122505668', 1, '1010156647');
INSERT INTO USUARIOS.TELEFONO
(TELEFONO, ID_TIPO, CEDULA_CLIENTE)
VALUES('3232267232', 2, '1012456789');
INSERT INTO USUARIOS.TELEFONO
(TELEFONO, ID_TIPO, CEDULA_CLIENTE)
VALUES('3148929162', 2, '1020145875');
INSERT INTO USUARIOS.TELEFONO
(TELEFONO, ID_TIPO, CEDULA_CLIENTE)
VALUES('3143430332', 2, '1020567498');
INSERT INTO USUARIOS.TELEFONO
(TELEFONO, ID_TIPO, CEDULA_CLIENTE)
VALUES('3215910754', 2, '1023564789');
INSERT INTO USUARIOS.TELEFONO
(TELEFONO, ID_TIPO, CEDULA_CLIENTE)
VALUES('3004563779', 2, '1024568772');
INSERT INTO USUARIOS.TELEFONO
(TELEFONO, ID_TIPO, CEDULA_CLIENTE)
VALUES('6067353833', 2, '1030452789');
INSERT INTO USUARIOS.TELEFONO
(TELEFONO, ID_TIPO, CEDULA_CLIENTE)
VALUES('6067364614', 2, '1030647982');
INSERT INTO USUARIOS.TELEFONO
(TELEFONO, ID_TIPO, CEDULA_CLIENTE)
VALUES('6067382415', 2, '1034568997');
INSERT INTO USUARIOS.TELEFONO
(TELEFONO, ID_TIPO, CEDULA_CLIENTE)
VALUES('6067381212', 2, '1040562781');
INSERT INTO USUARIOS.TELEFONO
(TELEFONO, ID_TIPO, CEDULA_CLIENTE)
VALUES('6067402222', 2, '1050142265');
INSERT INTO USUARIOS.TELEFONO
(TELEFONO, ID_TIPO, CEDULA_CLIENTE)
VALUES('6067345689', 2, '1050674235');
INSERT INTO USUARIOS.TELEFONO
(TELEFONO, ID_TIPO, CEDULA_CLIENTE)
VALUES('6067356693', 2, '1067429873');
INSERT INTO USUARIOS.TELEFONO
(TELEFONO, ID_TIPO, CEDULA_CLIENTE)
VALUES('6067341010', 2, '1090457881');


--Turnos de empleados
INSERT INTO USUARIOS.TURNO_EMPLEADO
(CODIGO,HORA_INICIO, HORA_FIN, ID_CAJA, CEDULA_EMPLEADO)
VALUES(1,TIMESTAMP '2022-09-21 08:00:00.000000', TIMESTAMP '2022-09-21 11:30:00.000000', 1, '25014809');
INSERT INTO USUARIOS.TURNO_EMPLEADO
(CODIGO,HORA_INICIO, HORA_FIN, ID_CAJA, CEDULA_EMPLEADO)
VALUES(2, TIMESTAMP '2022-09-21 14:00:00.440000', TIMESTAMP '2022-09-21 16:30:00.901000', 1, '25014809');
INSERT INTO USUARIOS.TURNO_EMPLEADO
(CODIGO,HORA_INICIO, HORA_FIN, ID_CAJA, CEDULA_EMPLEADO)
VALUES(3, TIMESTAMP '2022-09-22 08:00:00.000000', TIMESTAMP '2022-09-22 11:30:00.000000', 2, '25014809');
INSERT INTO USUARIOS.TURNO_EMPLEADO
(CODIGO,HORA_INICIO, HORA_FIN, ID_CAJA, CEDULA_EMPLEADO)
VALUES(4, TIMESTAMP '2022-09-22 14:00:00.632000', TIMESTAMP '2022-09-22 16:30:00.567000', 2, '25014809');
INSERT INTO USUARIOS.TURNO_EMPLEADO
(CODIGO,HORA_INICIO, HORA_FIN, ID_CAJA, CEDULA_EMPLEADO)
VALUES(5, TIMESTAMP '2022-09-23 08:00:00.000000', TIMESTAMP '2022-09-23 11:30:00.000000', 3, '25014809');
INSERT INTO USUARIOS.TURNO_EMPLEADO
(CODIGO,HORA_INICIO, HORA_FIN, ID_CAJA, CEDULA_EMPLEADO)
VALUES(6, TIMESTAMP '2022-09-23 14:00:00.418000', TIMESTAMP '2022-09-23 16:30:00.336000', 3, '25014809');
INSERT INTO USUARIOS.TURNO_EMPLEADO
(CODIGO,HORA_INICIO, HORA_FIN, ID_CAJA, CEDULA_EMPLEADO)
VALUES(7, TIMESTAMP '2022-09-24 08:00:00.000000', TIMESTAMP '2022-09-24 11:30:00.000000', 4, '25014809');
INSERT INTO USUARIOS.TURNO_EMPLEADO
(CODIGO,HORA_INICIO, HORA_FIN, ID_CAJA, CEDULA_EMPLEADO)
VALUES(8, TIMESTAMP '2022-09-24 14:00:00.202000', TIMESTAMP '2022-09-24 16:30:00.992000', 4, '25014809');
INSERT INTO USUARIOS.TURNO_EMPLEADO
(CODIGO,HORA_INICIO, HORA_FIN, ID_CAJA, CEDULA_EMPLEADO)
VALUES(9, TIMESTAMP '2022-09-25 08:00:00.000000', TIMESTAMP '2022-09-25 11:30:00.000000', 5, '25014809');
INSERT INTO USUARIOS.TURNO_EMPLEADO
(CODIGO,HORA_INICIO, HORA_FIN, ID_CAJA, CEDULA_EMPLEADO)
VALUES(10, TIMESTAMP '2022-09-25 14:00:00.310000', TIMESTAMP '2022-09-25 16:30:00.286000', 5, '25014809');
INSERT INTO USUARIOS.TURNO_EMPLEADO
(CODIGO,HORA_INICIO, HORA_FIN, ID_CAJA, CEDULA_EMPLEADO)
VALUES(11, TIMESTAMP '2022-09-21 08:00:00.000000', TIMESTAMP '2022-09-21 11:30:00.000000', 6, '25014902');
INSERT INTO USUARIOS.TURNO_EMPLEADO
(CODIGO,HORA_INICIO, HORA_FIN, ID_CAJA, CEDULA_EMPLEADO)
VALUES(12, TIMESTAMP '2022-09-21 14:00:00.483000', TIMESTAMP '2022-09-21 16:30:00.157000', 6, '25014902');
INSERT INTO USUARIOS.TURNO_EMPLEADO
(CODIGO,HORA_INICIO, HORA_FIN, ID_CAJA, CEDULA_EMPLEADO)
VALUES(13, TIMESTAMP '2022-09-22 08:00:00.000000', TIMESTAMP '2022-09-22 11:30:00.000000', 7, '25014902');
INSERT INTO USUARIOS.TURNO_EMPLEADO
(CODIGO,HORA_INICIO, HORA_FIN, ID_CAJA, CEDULA_EMPLEADO)
VALUES(14, TIMESTAMP '2022-09-22 14:00:00.288000', TIMESTAMP '2022-09-22 16:30:00.924000', 7, '25014902');
INSERT INTO USUARIOS.TURNO_EMPLEADO
(CODIGO,HORA_INICIO, HORA_FIN, ID_CAJA, CEDULA_EMPLEADO)
VALUES(15, TIMESTAMP '2022-09-23 08:00:00.000000', TIMESTAMP '2022-09-23 11:30:00.000000', 8, '25014902');
INSERT INTO USUARIOS.TURNO_EMPLEADO
(CODIGO,HORA_INICIO, HORA_FIN, ID_CAJA, CEDULA_EMPLEADO)
VALUES(16, TIMESTAMP '2022-09-23 14:00:00.205000', TIMESTAMP '2022-09-23 16:30:00.592000', 8, '25014902');
INSERT INTO USUARIOS.TURNO_EMPLEADO
(CODIGO,HORA_INICIO, HORA_FIN, ID_CAJA, CEDULA_EMPLEADO)
VALUES(17, TIMESTAMP '2022-09-24 08:00:00.000000', TIMESTAMP '2022-09-24 11:30:00.000000', 9, '25014902');
INSERT INTO USUARIOS.TURNO_EMPLEADO
(CODIGO,HORA_INICIO, HORA_FIN, ID_CAJA, CEDULA_EMPLEADO)
VALUES(18, TIMESTAMP '2022-09-24 14:00:00.185000', TIMESTAMP '2022-09-24 16:30:00.165000', 9, '25014902');
INSERT INTO USUARIOS.TURNO_EMPLEADO
(CODIGO,HORA_INICIO, HORA_FIN, ID_CAJA, CEDULA_EMPLEADO)
VALUES(19, TIMESTAMP '2022-09-21 08:00:00.000000', TIMESTAMP '2022-09-21 11:30:00.000000', 10, '25015448');
INSERT INTO USUARIOS.TURNO_EMPLEADO
(CODIGO,HORA_INICIO, HORA_FIN, ID_CAJA, CEDULA_EMPLEADO)
VALUES(20, TIMESTAMP '2022-09-21 14:00:00.235000', TIMESTAMP '2022-09-21 16:30:00.565000', 10, '25015448');
INSERT INTO USUARIOS.TURNO_EMPLEADO
(CODIGO,HORA_INICIO, HORA_FIN, ID_CAJA, CEDULA_EMPLEADO)
VALUES(21, TIMESTAMP '2022-09-22 08:00:00.000000', TIMESTAMP '2022-09-22 11:30:00.000000', 11, '25015448');
INSERT INTO USUARIOS.TURNO_EMPLEADO
(CODIGO,HORA_INICIO, HORA_FIN, ID_CAJA, CEDULA_EMPLEADO)
VALUES(22, TIMESTAMP '2022-09-22 14:00:00.663000', TIMESTAMP '2022-09-22 16:30:00.708000', 11, '25015448');
INSERT INTO USUARIOS.TURNO_EMPLEADO
(CODIGO,HORA_INICIO, HORA_FIN, ID_CAJA, CEDULA_EMPLEADO)
VALUES(23, TIMESTAMP '2022-09-23 08:00:00.000000', TIMESTAMP '2022-09-23 11:30:00.000000', 12, '25015448');
INSERT INTO USUARIOS.TURNO_EMPLEADO
(CODIGO,HORA_INICIO, HORA_FIN, ID_CAJA, CEDULA_EMPLEADO)
VALUES(24, TIMESTAMP '2022-09-23 14:00:00.730000', TIMESTAMP '2022-09-23 16:30:00.120000', 12, '25015448');
INSERT INTO USUARIOS.TURNO_EMPLEADO
(CODIGO,HORA_INICIO, HORA_FIN, ID_CAJA, CEDULA_EMPLEADO)
VALUES(25, TIMESTAMP '2022-09-24 08:00:00.000000', TIMESTAMP '2022-09-24 11:30:00.000000', 13, '25015448');
INSERT INTO USUARIOS.TURNO_EMPLEADO
(CODIGO,HORA_INICIO, HORA_FIN, ID_CAJA, CEDULA_EMPLEADO)
VALUES(26, TIMESTAMP '2022-09-24 14:00:00.611000', TIMESTAMP '2022-09-24 16:30:00.059000', 13, '25015448');
INSERT INTO USUARIOS.TURNO_EMPLEADO
(CODIGO,HORA_INICIO, HORA_FIN, ID_CAJA, CEDULA_EMPLEADO)
VALUES(27, TIMESTAMP '2022-09-21 08:00:00.000000', TIMESTAMP '2022-09-21 11:30:00.000000', 14, '250158764');
INSERT INTO USUARIOS.TURNO_EMPLEADO
(CODIGO,HORA_INICIO, HORA_FIN, ID_CAJA, CEDULA_EMPLEADO)
VALUES(28, TIMESTAMP '2022-09-22 14:00:00.894000', TIMESTAMP '2022-09-22 16:30:00.881000', 14, '250158764');
INSERT INTO USUARIOS.TURNO_EMPLEADO
(CODIGO,HORA_INICIO, HORA_FIN, ID_CAJA, CEDULA_EMPLEADO)
VALUES(29, TIMESTAMP '2022-09-23 08:00:00.510000', TIMESTAMP '2022-09-23 11:30:00.770000', 15, '250158764');
INSERT INTO USUARIOS.TURNO_EMPLEADO
(CODIGO,HORA_INICIO, HORA_FIN, ID_CAJA, CEDULA_EMPLEADO)
VALUES(30, TIMESTAMP '2022-09-23 14:00:00.744000', TIMESTAMP '2022-09-23 16:30:00.649000', 15, '250158764');
INSERT INTO USUARIOS.TURNO_EMPLEADO
(CODIGO,HORA_INICIO, HORA_FIN, ID_CAJA, CEDULA_EMPLEADO)
VALUES(31, TIMESTAMP '2022-09-26 08:00:00.517000', TIMESTAMP '2022-09-26 11:30:00.850000', 16, '27450112');
INSERT INTO USUARIOS.TURNO_EMPLEADO
(CODIGO,HORA_INICIO, HORA_FIN, ID_CAJA, CEDULA_EMPLEADO)
VALUES(32, TIMESTAMP '2022-09-26 14:00:00.468000', TIMESTAMP '2022-09-26 16:30:00.168000', 16, '27450112');
INSERT INTO USUARIOS.TURNO_EMPLEADO
(CODIGO,HORA_INICIO, HORA_FIN, ID_CAJA, CEDULA_EMPLEADO)
VALUES(33, TIMESTAMP '2022-09-27 08:00:00.298000', TIMESTAMP '2022-09-27 11:30:00.076000', 17, '41932500');
INSERT INTO USUARIOS.TURNO_EMPLEADO
(CODIGO,HORA_INICIO, HORA_FIN, ID_CAJA, CEDULA_EMPLEADO)
VALUES(34, TIMESTAMP '2022-09-27 14:00:00.254000', TIMESTAMP '2022-11-27 16:30:00.032000', 17, '41932500');
INSERT INTO USUARIOS.TURNO_EMPLEADO
(CODIGO,HORA_INICIO, HORA_FIN, ID_CAJA, CEDULA_EMPLEADO)
VALUES(35, TIMESTAMP '2022-09-28 08:00:00.551000', TIMESTAMP '2022-09-28 11:30:00.581000', 18, '42357198');
INSERT INTO USUARIOS.TURNO_EMPLEADO
(CODIGO,HORA_INICIO, HORA_FIN, ID_CAJA, CEDULA_EMPLEADO)
VALUES(36, TIMESTAMP '2022-09-28 14:00:00.392000', TIMESTAMP '2022-09-28 16:30:00.678000', 18, '42357198');
INSERT INTO USUARIOS.TURNO_EMPLEADO
(CODIGO,HORA_INICIO, HORA_FIN, ID_CAJA, CEDULA_EMPLEADO)
VALUES(37, TIMESTAMP '2022-09-29 08:00:00.326000', TIMESTAMP '2022-09-29 11:30:00.147000', 19, '44945779');
INSERT INTO USUARIOS.TURNO_EMPLEADO
(CODIGO,HORA_INICIO, HORA_FIN, ID_CAJA, CEDULA_EMPLEADO)
VALUES(38, TIMESTAMP '2022-09-30 14:00:00.542000', TIMESTAMP '2022-09-30 16:30:00.974000', 19, '44945779');
INSERT INTO USUARIOS.TURNO_EMPLEADO
(CODIGO,HORA_INICIO, HORA_FIN, ID_CAJA, CEDULA_EMPLEADO)
VALUES(39, TIMESTAMP '2022-10-01 08:00:00.394000', TIMESTAMP '2022-10-01 11:30:00.212000', 20, '4512789335');
INSERT INTO USUARIOS.TURNO_EMPLEADO
(CODIGO,HORA_INICIO, HORA_FIN, ID_CAJA, CEDULA_EMPLEADO)
VALUES(40, TIMESTAMP '2022-10-01 14:00:00.451000', TIMESTAMP '2022-10-01 16:30:00.840000', 20, '4512789335');


INSERT INTO USUARIOS.TURNO_EMPLEADO
(CODIGO, HORA_INICIO, HORA_FIN, ID_CAJA, CEDULA_EMPLEADO)
VALUES(41, TIMESTAMP '2022-09-21 08:00:00.902000', TIMESTAMP '2022-09-21 13:00:00.523000', NULL, '18123564');
INSERT INTO USUARIOS.TURNO_EMPLEADO
(CODIGO, HORA_INICIO, HORA_FIN, ID_CAJA, CEDULA_EMPLEADO)
VALUES(42, TIMESTAMP '2002-09-21 14:30:00.665000', TIMESTAMP '2022-09-21 17:00:00.510000', NULL, '18123564');
INSERT INTO USUARIOS.TURNO_EMPLEADO
(CODIGO, HORA_INICIO, HORA_FIN, ID_CAJA, CEDULA_EMPLEADO)
VALUES(43, TIMESTAMP '2022-09-21 08:00:00.234000', TIMESTAMP '2022-09-21 13:00:00.076000', NULL, '18256945');
INSERT INTO USUARIOS.TURNO_EMPLEADO
(CODIGO, HORA_INICIO, HORA_FIN, ID_CAJA, CEDULA_EMPLEADO)
VALUES(44, TIMESTAMP '2022-09-21 14:30:00.011000', TIMESTAMP '2022-09-21 17:00:00.298000', NULL, '18256945');
INSERT INTO USUARIOS.TURNO_EMPLEADO
(CODIGO, HORA_INICIO, HORA_FIN, ID_CAJA, CEDULA_EMPLEADO)
VALUES(45, TIMESTAMP '2022-09-21 08:00:00.217000', TIMESTAMP '2022-09-21 13:00:00.610000', NULL, '18393395');
INSERT INTO USUARIOS.TURNO_EMPLEADO
(CODIGO, HORA_INICIO, HORA_FIN, ID_CAJA, CEDULA_EMPLEADO)
VALUES(46, TIMESTAMP '2022-09-21 08:00:00.241000', TIMESTAMP '2022-09-21 13:00:00.557000', NULL, '24056879');
INSERT INTO USUARIOS.TURNO_EMPLEADO
(CODIGO, HORA_INICIO, HORA_FIN, ID_CAJA, CEDULA_EMPLEADO)
VALUES(47, TIMESTAMP '2022-09-21 14:30:00.012000', TIMESTAMP '2022-09-21 17:00:00.842000', NULL, '24056879');
INSERT INTO USUARIOS.TURNO_EMPLEADO
(CODIGO, HORA_INICIO, HORA_FIN, ID_CAJA, CEDULA_EMPLEADO)
VALUES(48, TIMESTAMP '2022-09-21 08:00:00.635000', TIMESTAMP '2022-09-21 13:00:00.017000', NULL, '24125987');
INSERT INTO USUARIOS.TURNO_EMPLEADO
(CODIGO, HORA_INICIO, HORA_FIN, ID_CAJA, CEDULA_EMPLEADO)
VALUES(49, TIMESTAMP '2022-09-21 14:30:00.978000', TIMESTAMP '2022-09-21 17:00:00.698000', NULL, '24125987');
INSERT INTO USUARIOS.TURNO_EMPLEADO
(CODIGO, HORA_INICIO, HORA_FIN, ID_CAJA, CEDULA_EMPLEADO)
VALUES(50, TIMESTAMP '2022-09-21 08:00:00.016000', TIMESTAMP '2022-09-21 13:00:00.541000', NULL, '24652314');


--Registros de llamadas 
INSERT INTO USUARIOS.REGISTRO_LLAMADAS
(ID_REGISTRO, HORA_INICIO, HORA_FIN, CALIFICACION, CEDULA_EMPLEADO, CEDULA_CLIENTE)
VALUES(1, TIMESTAMP '2022-09-21 09:00:00.276000', TIMESTAMP '2022-09-21 09:15:00.609000', 1, '1010152348', '1005094652');
INSERT INTO USUARIOS.REGISTRO_LLAMADAS
(ID_REGISTRO, HORA_INICIO, HORA_FIN, CALIFICACION, CEDULA_EMPLEADO, CEDULA_CLIENTE)
VALUES(2, TIMESTAMP '2022-09-21 11:00:00.016000', TIMESTAMP '2022-09-21 11:05:00.829000', 1, '1010152348', '1005478621');
INSERT INTO USUARIOS.REGISTRO_LLAMADAS
(ID_REGISTRO, HORA_INICIO, HORA_FIN, CALIFICACION, CEDULA_EMPLEADO, CEDULA_CLIENTE)
VALUES(3, TIMESTAMP '2022-09-21 14:20:00.380000', TIMESTAMP '2022-09-21 14:40:00.370000', 2, '1010152348', '1010120024');
INSERT INTO USUARIOS.REGISTRO_LLAMADAS
(ID_REGISTRO, HORA_INICIO, HORA_FIN, CALIFICACION, CEDULA_EMPLEADO, CEDULA_CLIENTE)
VALUES(4, TIMESTAMP '2022-09-21 16:00:00.506000', TIMESTAMP '2022-09-21 16:15:00.025000', 2, '1010152348', '1010120123');
INSERT INTO USUARIOS.REGISTRO_LLAMADAS
(ID_REGISTRO, HORA_INICIO, HORA_FIN, CALIFICACION, CEDULA_EMPLEADO, CEDULA_CLIENTE)
VALUES(5, TIMESTAMP '2022-09-22 08:40:00.072000', TIMESTAMP '2022-09-22 08:50:00.175000', 3, '1010152348', '1010124210');
INSERT INTO USUARIOS.REGISTRO_LLAMADAS
(ID_REGISTRO, HORA_INICIO, HORA_FIN, CALIFICACION, CEDULA_EMPLEADO, CEDULA_CLIENTE)
VALUES(6, TIMESTAMP '2022-09-23 10:30:00.544000', TIMESTAMP '2022-11-23 10:45:00.024000', 3, '1010152348', '1010124568');
INSERT INTO USUARIOS.REGISTRO_LLAMADAS
(ID_REGISTRO, HORA_INICIO, HORA_FIN, CALIFICACION, CEDULA_EMPLEADO, CEDULA_CLIENTE)
VALUES(7, TIMESTAMP '2022-09-24 08:10:00.184000', TIMESTAMP '2022-09-24 08:20:00.303000', 4, '1010152348', '1010124887');
INSERT INTO USUARIOS.REGISTRO_LLAMADAS
(ID_REGISTRO, HORA_INICIO, HORA_FIN, CALIFICACION, CEDULA_EMPLEADO, CEDULA_CLIENTE)
VALUES(8, TIMESTAMP '2022-09-25 09:00:00.543000', TIMESTAMP '2022-09-25 09:40:00.502000', 5, '1010152348', '10101254478');
INSERT INTO USUARIOS.REGISTRO_LLAMADAS
(ID_REGISTRO, HORA_INICIO, HORA_FIN, CALIFICACION, CEDULA_EMPLEADO, CEDULA_CLIENTE)
VALUES(9, TIMESTAMP '2022-09-21 08:30:00.486000', TIMESTAMP '2022-09-21 08:40:00.302000', 2, '1010245632', '1010152264');
INSERT INTO USUARIOS.REGISTRO_LLAMADAS
(ID_REGISTRO, HORA_INICIO, HORA_FIN, CALIFICACION, CEDULA_EMPLEADO, CEDULA_CLIENTE)
VALUES(10, TIMESTAMP '2022-09-22 09:08:00.347000', TIMESTAMP '2022-09-22 09:15:00.075000', 1, '1010245632', '1010152453');
INSERT INTO USUARIOS.REGISTRO_LLAMADAS
(ID_REGISTRO, HORA_INICIO, HORA_FIN, CALIFICACION, CEDULA_EMPLEADO, CEDULA_CLIENTE)
VALUES(11, TIMESTAMP '2022-09-23 09:25:00.064000', TIMESTAMP '2022-09-23 09:45:00.821000', 3, '1010245632', '1010153361');
INSERT INTO USUARIOS.REGISTRO_LLAMADAS
(ID_REGISTRO, HORA_INICIO, HORA_FIN, CALIFICACION, CEDULA_EMPLEADO, CEDULA_CLIENTE)
VALUES(12, TIMESTAMP '2022-09-24 15:00:00.907000', TIMESTAMP '2022-09-24 15:20:00.921000', 5, '1010245632', '1010156647');
INSERT INTO USUARIOS.REGISTRO_LLAMADAS
(ID_REGISTRO, HORA_INICIO, HORA_FIN, CALIFICACION, CEDULA_EMPLEADO, CEDULA_CLIENTE)
VALUES(13, TIMESTAMP '2022-09-24 15:40:00.363000', TIMESTAMP '2022-09-24 15:45:00.076000', 3, '1010245632', '1012456789');
INSERT INTO USUARIOS.REGISTRO_LLAMADAS
(ID_REGISTRO, HORA_INICIO, HORA_FIN, CALIFICACION, CEDULA_EMPLEADO, CEDULA_CLIENTE)
VALUES(14, TIMESTAMP '2022-09-25 15:50:00.617000', TIMESTAMP '2022-09-25 16:00:00.861000', 4, '1010245632', '1020145875');
INSERT INTO USUARIOS.REGISTRO_LLAMADAS
(ID_REGISTRO, HORA_INICIO, HORA_FIN, CALIFICACION, CEDULA_EMPLEADO, CEDULA_CLIENTE)
VALUES(15, TIMESTAMP '2022-09-26 15:05:00.838000', TIMESTAMP '2022-09-26 15:45:00.646000', 5, '1010245632', '1020567498');
INSERT INTO USUARIOS.REGISTRO_LLAMADAS
(ID_REGISTRO, HORA_INICIO, HORA_FIN, CALIFICACION, CEDULA_EMPLEADO, CEDULA_CLIENTE)
VALUES(16, TIMESTAMP '2022-09-27 08:35:00.010000', TIMESTAMP '2022-09-27 08:50:00.695000', 4, '1010245632', '1023564789');
INSERT INTO USUARIOS.REGISTRO_LLAMADAS
(ID_REGISTRO, HORA_INICIO, HORA_FIN, CALIFICACION, CEDULA_EMPLEADO, CEDULA_CLIENTE)
VALUES(17, TIMESTAMP '2022-09-21 15:10:00.417000', TIMESTAMP '2022-09-21 15:20:00.331000', 1, '1010147852', '1024568772');
INSERT INTO USUARIOS.REGISTRO_LLAMADAS
(ID_REGISTRO, HORA_INICIO, HORA_FIN, CALIFICACION, CEDULA_EMPLEADO, CEDULA_CLIENTE)
VALUES(18, TIMESTAMP '2022-09-21 15:20:00.098000', TIMESTAMP '2022-09-21 15:30:00.406000', 2, '1010147852', '1030452789');
INSERT INTO USUARIOS.REGISTRO_LLAMADAS
(ID_REGISTRO, HORA_INICIO, HORA_FIN, CALIFICACION, CEDULA_EMPLEADO, CEDULA_CLIENTE)
VALUES(19, TIMESTAMP '2022-09-21 15:30:00.520000', TIMESTAMP '2022-09-21 15:40:00.176000', 3, '1010147852', '1030647982');
INSERT INTO USUARIOS.REGISTRO_LLAMADAS
(ID_REGISTRO, HORA_INICIO, HORA_FIN, CALIFICACION, CEDULA_EMPLEADO, CEDULA_CLIENTE)
VALUES(20, TIMESTAMP '2022-09-21 15:40:00.199000', TIMESTAMP '2022-09-21 15:50:00.539000', 5, '1010147852', '1034568997');
INSERT INTO USUARIOS.REGISTRO_LLAMADAS
(ID_REGISTRO, HORA_INICIO, HORA_FIN, CALIFICACION, CEDULA_EMPLEADO, CEDULA_CLIENTE)
VALUES(21, TIMESTAMP '2022-09-21 15:50:00.846000', TIMESTAMP '2022-09-21 16:00:00.946000', 5, '1010147852', '1040562781');
INSERT INTO USUARIOS.REGISTRO_LLAMADAS
(ID_REGISTRO, HORA_INICIO, HORA_FIN, CALIFICACION, CEDULA_EMPLEADO, CEDULA_CLIENTE)
VALUES(22, TIMESTAMP '2022-09-21 16:00:00.671000', TIMESTAMP '2022-09-21 16:10:00.575000', 4, '1010147852', '1050142265');
INSERT INTO USUARIOS.REGISTRO_LLAMADAS
(ID_REGISTRO, HORA_INICIO, HORA_FIN, CALIFICACION, CEDULA_EMPLEADO, CEDULA_CLIENTE)
VALUES(23, TIMESTAMP '2022-09-21 16:10:00.541000', TIMESTAMP '2022-09-21 16:20:00.660000', 1, '1010147852', '1050674235');
INSERT INTO USUARIOS.REGISTRO_LLAMADAS
(ID_REGISTRO, HORA_INICIO, HORA_FIN, CALIFICACION, CEDULA_EMPLEADO, CEDULA_CLIENTE)
VALUES(24, TIMESTAMP '2022-09-21 16:20:00.541000', TIMESTAMP '2022-09-21 16:30:00.334000', 2, '1010147852', '1067429873');
INSERT INTO USUARIOS.REGISTRO_LLAMADAS
(ID_REGISTRO, HORA_INICIO, HORA_FIN, CALIFICACION, CEDULA_EMPLEADO, CEDULA_CLIENTE)
VALUES(25, TIMESTAMP '2022-09-22 08:10:00.077000', TIMESTAMP '2022-09-22 08:20:00.249000', 2, '1020153426', '1090457881');
INSERT INTO USUARIOS.REGISTRO_LLAMADAS
(ID_REGISTRO, HORA_INICIO, HORA_FIN, CALIFICACION, CEDULA_EMPLEADO, CEDULA_CLIENTE)
VALUES(26, TIMESTAMP '2022-09-22 08:20:00.738000', TIMESTAMP '2022-09-22 20:30:00.900000', 1, '1020153426', '1005094652');
INSERT INTO USUARIOS.REGISTRO_LLAMADAS
(ID_REGISTRO, HORA_INICIO, HORA_FIN, CALIFICACION, CEDULA_EMPLEADO, CEDULA_CLIENTE)
VALUES(27, TIMESTAMP '2022-09-22 08:30:00.973000', TIMESTAMP '2022-09-22 08:40:00.023000', 3, '1020153426', '1005478621');
INSERT INTO USUARIOS.REGISTRO_LLAMADAS
(ID_REGISTRO, HORA_INICIO, HORA_FIN, CALIFICACION, CEDULA_EMPLEADO, CEDULA_CLIENTE)
VALUES(28, TIMESTAMP '2022-09-22 08:40:00.637000', TIMESTAMP '2022-09-22 08:50:00.195000', 5, '1020153426', '1010120024');
INSERT INTO USUARIOS.REGISTRO_LLAMADAS
(ID_REGISTRO, HORA_INICIO, HORA_FIN, CALIFICACION, CEDULA_EMPLEADO, CEDULA_CLIENTE)
VALUES(29, TIMESTAMP '2022-09-22 08:50:00.835000', TIMESTAMP '2022-09-22 09:00:00.437000', 3, '1020153426', '1010120123');
INSERT INTO USUARIOS.REGISTRO_LLAMADAS
(ID_REGISTRO, HORA_INICIO, HORA_FIN, CALIFICACION, CEDULA_EMPLEADO, CEDULA_CLIENTE)
VALUES(30, TIMESTAMP '2022-09-22 09:00:00.046000', TIMESTAMP '2022-09-22 09:10:00.037000', 5, '1020153426', '1010124210');
INSERT INTO USUARIOS.REGISTRO_LLAMADAS
(ID_REGISTRO, HORA_INICIO, HORA_FIN, CALIFICACION, CEDULA_EMPLEADO, CEDULA_CLIENTE)
VALUES(31, TIMESTAMP '2022-09-22 09:10:00.304000', TIMESTAMP '2022-09-22 09:20:00.379000', 3, '1020153426', '1010124568');
INSERT INTO USUARIOS.REGISTRO_LLAMADAS
(ID_REGISTRO, HORA_INICIO, HORA_FIN, CALIFICACION, CEDULA_EMPLEADO, CEDULA_CLIENTE)
VALUES(32, TIMESTAMP '2022-09-22 09:30:00.536000', TIMESTAMP '2022-09-22 09:40:00.411000', 5, '1020153426', '1010124887');
INSERT INTO USUARIOS.REGISTRO_LLAMADAS
(ID_REGISTRO, HORA_INICIO, HORA_FIN, CALIFICACION, CEDULA_EMPLEADO, CEDULA_CLIENTE)
VALUES(33, TIMESTAMP '2022-09-23 10:00:00.522000', TIMESTAMP '2022-09-23 10:10:00.841000', 1, '1010452214', '10101254478');
INSERT INTO USUARIOS.REGISTRO_LLAMADAS
(ID_REGISTRO, HORA_INICIO, HORA_FIN, CALIFICACION, CEDULA_EMPLEADO, CEDULA_CLIENTE)
VALUES(34, TIMESTAMP '2022-09-23 10:10:00.863000', TIMESTAMP '2022-09-23 10:20:00.047000', 1, '1010452214', '1010152264');
INSERT INTO USUARIOS.REGISTRO_LLAMADAS
(ID_REGISTRO, HORA_INICIO, HORA_FIN, CALIFICACION, CEDULA_EMPLEADO, CEDULA_CLIENTE)
VALUES(35, TIMESTAMP '2022-09-23 10:20:00.691000', TIMESTAMP '2022-09-23 10:30:00.737000', 2, '1010452214', '1010152453');
INSERT INTO USUARIOS.REGISTRO_LLAMADAS
(ID_REGISTRO, HORA_INICIO, HORA_FIN, CALIFICACION, CEDULA_EMPLEADO, CEDULA_CLIENTE)
VALUES(36, TIMESTAMP '2022-09-24 14:00:00.510000', TIMESTAMP '2022-09-24 14:15:00.949000', 5, '1010452214', '1010153361');
INSERT INTO USUARIOS.REGISTRO_LLAMADAS
(ID_REGISTRO, HORA_INICIO, HORA_FIN, CALIFICACION, CEDULA_EMPLEADO, CEDULA_CLIENTE)
VALUES(37, TIMESTAMP '2022-09-24 14:15:00.645000', TIMESTAMP '2022-09-24 14:30:00.308000', 3, '1010452214', '1010156647');
INSERT INTO USUARIOS.REGISTRO_LLAMADAS
(ID_REGISTRO, HORA_INICIO, HORA_FIN, CALIFICACION, CEDULA_EMPLEADO, CEDULA_CLIENTE)
VALUES(38, TIMESTAMP '2022-09-25 14:35:00.441000', TIMESTAMP '2022-09-25 14:45:00.492000', 2, '1010452214', '1012456789');
INSERT INTO USUARIOS.REGISTRO_LLAMADAS
(ID_REGISTRO, HORA_INICIO, HORA_FIN, CALIFICACION, CEDULA_EMPLEADO, CEDULA_CLIENTE)
VALUES(39, TIMESTAMP '2022-09-25 14:50:00.812000', TIMESTAMP '2022-09-25 15:00:00.443000', 1, '1010452214', '1020145875');
INSERT INTO USUARIOS.REGISTRO_LLAMADAS
(ID_REGISTRO, HORA_INICIO, HORA_FIN, CALIFICACION, CEDULA_EMPLEADO, CEDULA_CLIENTE)
VALUES(40, TIMESTAMP '2022-09-26 15:20:00.667000', TIMESTAMP '2022-09-26 15:30:00.386000', 5, '1010452214', '1020567498');

--Producto ofertado
INSERT INTO USUARIOS.PRODUCTO_OFERTADO
(ID_PRODUCTO, ID_REGISTRO, ACEPTADO)
VALUES('5100141543339923', 1, 'Y');
INSERT INTO USUARIOS.PRODUCTO_OFERTADO
(ID_PRODUCTO, ID_REGISTRO, ACEPTADO)
VALUES('5100148741284728', 2, 'Y');
INSERT INTO USUARIOS.PRODUCTO_OFERTADO
(ID_PRODUCTO, ID_REGISTRO, ACEPTADO)
VALUES('5100133869610011', 3, 'Y');
INSERT INTO USUARIOS.PRODUCTO_OFERTADO
(ID_PRODUCTO, ID_REGISTRO, ACEPTADO)
VALUES('5100136551272677', 4, 'Y');
INSERT INTO USUARIOS.PRODUCTO_OFERTADO
(ID_PRODUCTO, ID_REGISTRO, ACEPTADO)
VALUES('4950624756589759', 5, 'Y');
INSERT INTO USUARIOS.PRODUCTO_OFERTADO
(ID_PRODUCTO, ID_REGISTRO, ACEPTADO)
VALUES('4041373846280885', 6, 'Y');
INSERT INTO USUARIOS.PRODUCTO_OFERTADO
(ID_PRODUCTO, ID_REGISTRO, ACEPTADO)
VALUES('4017950290394971', 7, 'Y');
INSERT INTO USUARIOS.PRODUCTO_OFERTADO
(ID_PRODUCTO, ID_REGISTRO, ACEPTADO)
VALUES('4824430566435918', 8, 'Y');
INSERT INTO USUARIOS.PRODUCTO_OFERTADO
(ID_PRODUCTO, ID_REGISTRO, ACEPTADO)
VALUES('4017957984136998', 9, 'Y');
INSERT INTO USUARIOS.PRODUCTO_OFERTADO
(ID_PRODUCTO, ID_REGISTRO, ACEPTADO)
VALUES('03223631932', 10, 'Y');
INSERT INTO USUARIOS.PRODUCTO_OFERTADO
(ID_PRODUCTO, ID_REGISTRO, ACEPTADO)
VALUES('03128280008', 11, 'Y');
INSERT INTO USUARIOS.PRODUCTO_OFERTADO
(ID_PRODUCTO, ID_REGISTRO, ACEPTADO)
VALUES('03113554471', 12, 'Y');
INSERT INTO USUARIOS.PRODUCTO_OFERTADO
(ID_PRODUCTO, ID_REGISTRO, ACEPTADO)
VALUES('03235311075', 13, 'Y');
INSERT INTO USUARIOS.PRODUCTO_OFERTADO
(ID_PRODUCTO, ID_REGISTRO, ACEPTADO)
VALUES('03136155161', 14, 'N');
INSERT INTO USUARIOS.PRODUCTO_OFERTADO
(ID_PRODUCTO, ID_REGISTRO, ACEPTADO)
VALUES('9111000096', 15, 'N');
INSERT INTO USUARIOS.PRODUCTO_OFERTADO
(ID_PRODUCTO, ID_REGISTRO, ACEPTADO)
VALUES('9111000155', 16, 'N');
INSERT INTO USUARIOS.PRODUCTO_OFERTADO
(ID_PRODUCTO, ID_REGISTRO, ACEPTADO)
VALUES('9111000166', 17, 'N');
INSERT INTO USUARIOS.PRODUCTO_OFERTADO
(ID_PRODUCTO, ID_REGISTRO, ACEPTADO)
VALUES('9111000181', 18, 'N');
INSERT INTO USUARIOS.PRODUCTO_OFERTADO
(ID_PRODUCTO, ID_REGISTRO, ACEPTADO)
VALUES('1005', 19, 'N');
INSERT INTO USUARIOS.PRODUCTO_OFERTADO
(ID_PRODUCTO, ID_REGISTRO, ACEPTADO)
VALUES('1010', 20, 'N');
INSERT INTO USUARIOS.PRODUCTO_OFERTADO
(ID_PRODUCTO, ID_REGISTRO, ACEPTADO)
VALUES('1015', 21, 'N');
INSERT INTO USUARIOS.PRODUCTO_OFERTADO
(ID_PRODUCTO, ID_REGISTRO, ACEPTADO)
VALUES('1020', 22, 'N');
INSERT INTO USUARIOS.PRODUCTO_OFERTADO
(ID_PRODUCTO, ID_REGISTRO, ACEPTADO)
VALUES('5000', 23, 'N');
INSERT INTO USUARIOS.PRODUCTO_OFERTADO
(ID_PRODUCTO, ID_REGISTRO, ACEPTADO)
VALUES('5005', 24, 'N');
INSERT INTO USUARIOS.PRODUCTO_OFERTADO
(ID_PRODUCTO, ID_REGISTRO, ACEPTADO)
VALUES('5010', 25, 'N');

--Facturas
INSERT INTO USUARIOS.FACTURA
(ID_FACTURA, MONTO, FECHA_VENCIMIENTO, DESCRIPCION, ID_PRODUCTO, CEDULA_CLIENTE)
VALUES(1, 50000, TIMESTAMP '2022-09-21 18:52:20.395000', 'Pago de producto propio', '5100130406022510', '1005094652');
INSERT INTO USUARIOS.FACTURA
(ID_FACTURA, MONTO, FECHA_VENCIMIENTO, DESCRIPCION, ID_PRODUCTO, CEDULA_CLIENTE)
VALUES(2, 55000, TIMESTAMP '2022-09-21 18:52:32.943000', 'Pago de producto propio', '5100131901238650', '1005094652');
INSERT INTO USUARIOS.FACTURA
(ID_FACTURA, MONTO, FECHA_VENCIMIENTO, DESCRIPCION, ID_PRODUCTO, CEDULA_CLIENTE)
VALUES(3, 60000, TIMESTAMP '2022-09-21 18:52:43.260000', 'Pago de producto propio', '5100133130728410', '1005478621');
INSERT INTO USUARIOS.FACTURA
(ID_FACTURA, MONTO, FECHA_VENCIMIENTO, DESCRIPCION, ID_PRODUCTO, CEDULA_CLIENTE)
VALUES(4, 65000, TIMESTAMP '2022-09-21 18:52:55.144000', 'Pago de producto propio', '5100133869610011', '1010120024');
INSERT INTO USUARIOS.FACTURA
(ID_FACTURA, MONTO, FECHA_VENCIMIENTO, DESCRIPCION, ID_PRODUCTO, CEDULA_CLIENTE)
VALUES(5, 70000, TIMESTAMP '2022-09-22 18:53:00.365000', 'Pago de producto propio', '5100136551272677', '1010120123');
INSERT INTO USUARIOS.FACTURA
(ID_FACTURA, MONTO, FECHA_VENCIMIENTO, DESCRIPCION, ID_PRODUCTO, CEDULA_CLIENTE)
VALUES(6, 75000, TIMESTAMP '2022-09-22 18:53:07.542000', 'Pago de producto propio', '5100141543339923', '1010124210');
INSERT INTO USUARIOS.FACTURA
(ID_FACTURA, MONTO, FECHA_VENCIMIENTO, DESCRIPCION, ID_PRODUCTO, CEDULA_CLIENTE)
VALUES(7, 80000, TIMESTAMP '2022-09-22 18:53:12.247000', 'Pago de producto propio', '5100148741284728', '1010124568');
INSERT INTO USUARIOS.FACTURA
(ID_FACTURA, MONTO, FECHA_VENCIMIENTO, DESCRIPCION, ID_PRODUCTO, CEDULA_CLIENTE)
VALUES(8, 85000, TIMESTAMP '2022-09-22 18:53:21.017000', 'Pago de producto propio', '5100171317032024', '1010124887');
INSERT INTO USUARIOS.FACTURA
(ID_FACTURA, MONTO, FECHA_VENCIMIENTO, DESCRIPCION, ID_PRODUCTO, CEDULA_CLIENTE)
VALUES(9, 90000, TIMESTAMP '2022-09-22 18:53:26.191000', 'Pago de producto propio', '5100171455407038', '10101254478');
INSERT INTO USUARIOS.FACTURA
(ID_FACTURA, MONTO, FECHA_VENCIMIENTO, DESCRIPCION, ID_PRODUCTO, CEDULA_CLIENTE)
VALUES(10, 95000, TIMESTAMP '2022-09-23 18:53:30.888000', 'Pago de producto propio', '5100172685447646', '1012456789');
INSERT INTO USUARIOS.FACTURA
(ID_FACTURA, MONTO, FECHA_VENCIMIENTO, DESCRIPCION, ID_PRODUCTO, CEDULA_CLIENTE)
VALUES(11, 100000, TIMESTAMP '2022-09-23 18:53:35.955000', 'Pago de producto propio', '5100174483271806', '1030647982');
INSERT INTO USUARIOS.FACTURA
(ID_FACTURA, MONTO, FECHA_VENCIMIENTO, DESCRIPCION, ID_PRODUCTO, CEDULA_CLIENTE)
VALUES(12, 105000, TIMESTAMP '2022-09-23 18:53:40.980000', 'Pago de producto propio', '5100174497647884', '1034568997');
INSERT INTO USUARIOS.FACTURA
(ID_FACTURA, MONTO, FECHA_VENCIMIENTO, DESCRIPCION, ID_PRODUCTO, CEDULA_CLIENTE)
VALUES(13, 200000, TIMESTAMP '2022-09-23 18:53:45.506000', 'Pago de producto propio', '5100178468054368', '1040562781');
INSERT INTO USUARIOS.FACTURA
(ID_FACTURA, MONTO, FECHA_VENCIMIENTO, DESCRIPCION, ID_PRODUCTO, CEDULA_CLIENTE)
VALUES(14, 205000, TIMESTAMP '2022-09-24 18:53:58.180000', 'Pago de producto propio', '1005', '1005094652');
INSERT INTO USUARIOS.FACTURA
(ID_FACTURA, MONTO, FECHA_VENCIMIENTO, DESCRIPCION, ID_PRODUCTO, CEDULA_CLIENTE)
VALUES(15, 210000, TIMESTAMP '2022-09-24 18:54:03.754000', 'Pago de producto propio', '1010', '1005478621');
INSERT INTO USUARIOS.FACTURA
(ID_FACTURA, MONTO, FECHA_VENCIMIENTO, DESCRIPCION, ID_PRODUCTO, CEDULA_CLIENTE)
VALUES(16, 215000, TIMESTAMP '2022-09-24 18:54:08.754000', 'Pago de producto propio', '1015', '1010120024');
INSERT INTO USUARIOS.FACTURA
(ID_FACTURA, MONTO, FECHA_VENCIMIENTO, DESCRIPCION, ID_PRODUCTO, CEDULA_CLIENTE)
VALUES(17, 220000, TIMESTAMP '2022-09-24 18:54:13.068000', 'Pago de producto propio', '1020', '1010120123');
INSERT INTO USUARIOS.FACTURA
(ID_FACTURA, MONTO, FECHA_VENCIMIENTO, DESCRIPCION, ID_PRODUCTO, CEDULA_CLIENTE)
VALUES(18, 225000, TIMESTAMP '2022-09-24 18:54:18.954000', 'Pago de producto propio', '1025', '1010124210');
INSERT INTO USUARIOS.FACTURA
(ID_FACTURA, MONTO, FECHA_VENCIMIENTO, DESCRIPCION, ID_PRODUCTO, CEDULA_CLIENTE)
VALUES(19, 230000, TIMESTAMP '2022-09-25 18:54:23.415000', 'Pago de producto propio', '5000', '1005094652');
INSERT INTO USUARIOS.FACTURA
(ID_FACTURA, MONTO, FECHA_VENCIMIENTO, DESCRIPCION, ID_PRODUCTO, CEDULA_CLIENTE)
VALUES(20, 235000, TIMESTAMP '2022-09-25 18:54:27.839000', 'Pago de producto propio', '5005', '1005478621');
INSERT INTO USUARIOS.FACTURA
(ID_FACTURA, MONTO, FECHA_VENCIMIENTO, DESCRIPCION, ID_PRODUCTO, CEDULA_CLIENTE)
VALUES(21, 240000, TIMESTAMP '2022-09-25 18:54:32.107000', 'Pago de producto propio', '5010', '1010120024');
INSERT INTO USUARIOS.FACTURA
(ID_FACTURA, MONTO, FECHA_VENCIMIENTO, DESCRIPCION, ID_PRODUCTO, CEDULA_CLIENTE)
VALUES(22, 245000, TIMESTAMP '2022-09-25 18:54:36.150000', 'Pago de producto propio', '5015', '1010120123');
INSERT INTO USUARIOS.FACTURA
(ID_FACTURA, MONTO, FECHA_VENCIMIENTO, DESCRIPCION, ID_PRODUCTO, CEDULA_CLIENTE)
VALUES(23, 250000, TIMESTAMP '2022-09-26 18:54:41.050000', 'Pago de producto propio', '5020', '1010124210');
INSERT INTO USUARIOS.FACTURA
(ID_FACTURA, MONTO, FECHA_VENCIMIENTO, DESCRIPCION, ID_PRODUCTO, CEDULA_CLIENTE)
VALUES(24, 255000, TIMESTAMP '2022-09-26 18:54:45.596000', 'Pago de producto propio', '5025', '1010124568');
INSERT INTO USUARIOS.FACTURA
(ID_FACTURA, MONTO, FECHA_VENCIMIENTO, DESCRIPCION, ID_PRODUCTO, CEDULA_CLIENTE)
VALUES(25, 260000, TIMESTAMP '2022-09-26 18:54:50.392000', 'Pago de producto propio', '5030', '1010124887');


    --Facturas de empresa
INSERT INTO USUARIOS.FACTURA
(ID_FACTURA, MONTO, FECHA_VENCIMIENTO, DESCRIPCION, ID_PRODUCTO, CEDULA_CLIENTE)
VALUES(26, 265000, TIMESTAMP '2022-09-21 19:23:38.445000', 'Pago de empresa', '9111000778', NULL);
INSERT INTO USUARIOS.FACTURA
(ID_FACTURA, MONTO, FECHA_VENCIMIENTO, DESCRIPCION, ID_PRODUCTO, CEDULA_CLIENTE)
VALUES(27, 270000, TIMESTAMP '2022-09-21 19:23:45.225000', 'Pago de empresa', '9111000824', NULL);
INSERT INTO USUARIOS.FACTURA
(ID_FACTURA, MONTO, FECHA_VENCIMIENTO, DESCRIPCION, ID_PRODUCTO, CEDULA_CLIENTE)
VALUES(28, 275000, TIMESTAMP '2022-09-21 19:23:54.388000', 'Pago de empresa', '9111000857', NULL);
INSERT INTO USUARIOS.FACTURA
(ID_FACTURA, MONTO, FECHA_VENCIMIENTO, DESCRIPCION, ID_PRODUCTO, CEDULA_CLIENTE)
VALUES(29, 280000, TIMESTAMP '2022-09-22 19:23:59.716000', 'Pago de empresa', '9111000889', NULL);
INSERT INTO USUARIOS.FACTURA
(ID_FACTURA, MONTO, FECHA_VENCIMIENTO, DESCRIPCION, ID_PRODUCTO, CEDULA_CLIENTE)
VALUES(30, 285000, TIMESTAMP '2022-09-22 19:24:04.505000', 'Pago de empresa', '9111000995', NULL);
