--Paises
INSERT INTO USUARIOS.PAIS
(ID_PAIS, NOMBRE)
VALUES(1, 'Colombia');
INSERT INTO USUARIOS.PAIS
(ID_PAIS, NOMBRE)
VALUES(2, 'Argentina');
INSERT INTO USUARIOS.PAIS
(ID_PAIS, NOMBRE)
VALUES(3, 'Brasil');
INSERT INTO USUARIOS.PAIS
(ID_PAIS, NOMBRE)
VALUES(4, 'Canadá');
INSERT INTO USUARIOS.PAIS
(ID_PAIS, NOMBRE)
VALUES(5, 'Chile');
INSERT INTO USUARIOS.PAIS
(ID_PAIS, NOMBRE)
VALUES(6, 'Costa Rica');
INSERT INTO USUARIOS.PAIS
(ID_PAIS, NOMBRE)
VALUES(7, 'Cuba');
INSERT INTO USUARIOS.PAIS
(ID_PAIS, NOMBRE)
VALUES(8, 'Ecuador');
INSERT INTO USUARIOS.PAIS
(ID_PAIS, NOMBRE)
VALUES(9, 'Estados Unidos');
INSERT INTO USUARIOS.PAIS
(ID_PAIS, NOMBRE)
VALUES(10, 'Guatemala');
INSERT INTO USUARIOS.PAIS
(ID_PAIS, NOMBRE)
VALUES(11, 'México');
INSERT INTO USUARIOS.PAIS
(ID_PAIS, NOMBRE)
VALUES(12, 'Panamá');
INSERT INTO USUARIOS.PAIS
(ID_PAIS, NOMBRE)
VALUES(13, 'Perú');
INSERT INTO USUARIOS.PAIS
(ID_PAIS, NOMBRE)
VALUES(14, 'Uruguay ');
INSERT INTO USUARIOS.PAIS
(ID_PAIS, NOMBRE)
VALUES(15, 'España');
INSERT INTO USUARIOS.PAIS
(ID_PAIS, NOMBRE)
VALUES(16, 'Inglaterra');
INSERT INTO USUARIOS.PAIS
(ID_PAIS, NOMBRE)
VALUES(17, 'Dinamarca');
INSERT INTO USUARIOS.PAIS
(ID_PAIS, NOMBRE)
VALUES(18, 'Francia');
INSERT INTO USUARIOS.PAIS
(ID_PAIS, NOMBRE)
VALUES(19, 'Honduras');
INSERT INTO USUARIOS.PAIS
(ID_PAIS, NOMBRE)
VALUES(20, 'Nicaragua');
INSERT INTO USUARIOS.PAIS
(ID_PAIS, NOMBRE)
VALUES(21, 'Paraguay');
INSERT INTO USUARIOS.PAIS
(ID_PAIS, NOMBRE)
VALUES(22, 'Portugal');
INSERT INTO USUARIOS.PAIS
(ID_PAIS, NOMBRE)
VALUES(23, 'Venezuela');
INSERT INTO USUARIOS.PAIS
(ID_PAIS, NOMBRE)
VALUES(24, 'Australia');
INSERT INTO USUARIOS.PAIS
(ID_PAIS, NOMBRE)
VALUES(25, 'El salvador');

--Departamentos
INSERT INTO USUARIOS.DEPARTAMENTO
(ID_DEPARTAMENTO, NOMBRE, PAIS_ID)
VALUES(1, 'Quindío', 1);
INSERT INTO USUARIOS.DEPARTAMENTO
(ID_DEPARTAMENTO, NOMBRE, PAIS_ID)
VALUES(2, 'Antioquia', 1);
INSERT INTO USUARIOS.DEPARTAMENTO
(ID_DEPARTAMENTO, NOMBRE, PAIS_ID)
VALUES(3, 'Risaralda', 1);
INSERT INTO USUARIOS.DEPARTAMENTO
(ID_DEPARTAMENTO, NOMBRE, PAIS_ID)
VALUES(4, 'Valle del cauca', 1);
INSERT INTO USUARIOS.DEPARTAMENTO
(ID_DEPARTAMENTO, NOMBRE, PAIS_ID)
VALUES(5, 'Cundinamarca', 1);
INSERT INTO USUARIOS.DEPARTAMENTO
(ID_DEPARTAMENTO, NOMBRE, PAIS_ID)
VALUES(6, 'Washington', 9);
INSERT INTO USUARIOS.DEPARTAMENTO
(ID_DEPARTAMENTO, NOMBRE, PAIS_ID)
VALUES(7, 'California', 9);
INSERT INTO USUARIOS.DEPARTAMENTO
(ID_DEPARTAMENTO, NOMBRE, PAIS_ID)
VALUES(8, 'Nevada', 9);
INSERT INTO USUARIOS.DEPARTAMENTO
(ID_DEPARTAMENTO, NOMBRE, PAIS_ID)
VALUES(9, 'Texas', 9);
INSERT INTO USUARIOS.DEPARTAMENTO
(ID_DEPARTAMENTO, NOMBRE, PAIS_ID)
VALUES(10, 'Nuevo méxico', 9);
INSERT INTO USUARIOS.DEPARTAMENTO
(ID_DEPARTAMENTO, NOMBRE, PAIS_ID)
VALUES(11, 'Sonora', 11);
INSERT INTO USUARIOS.DEPARTAMENTO
(ID_DEPARTAMENTO, NOMBRE, PAIS_ID)
VALUES(12, 'Chihuahua', 11);
INSERT INTO USUARIOS.DEPARTAMENTO
(ID_DEPARTAMENTO, NOMBRE, PAIS_ID)
VALUES(13, 'Durango', 11);
INSERT INTO USUARIOS.DEPARTAMENTO
(ID_DEPARTAMENTO, NOMBRE, PAIS_ID)
VALUES(14, 'Tamaulipas', 11);
INSERT INTO USUARIOS.DEPARTAMENTO
(ID_DEPARTAMENTO, NOMBRE, PAIS_ID)
VALUES(15, 'Jalisco', 11);
INSERT INTO USUARIOS.DEPARTAMENTO
(ID_DEPARTAMENTO, NOMBRE, PAIS_ID)
VALUES(16, 'Amazonas', 23);
INSERT INTO USUARIOS.DEPARTAMENTO
(ID_DEPARTAMENTO, NOMBRE, PAIS_ID)
VALUES(17, 'Anzóategui', 23);
INSERT INTO USUARIOS.DEPARTAMENTO
(ID_DEPARTAMENTO, NOMBRE, PAIS_ID)
VALUES(18, 'Apure', 23);
INSERT INTO USUARIOS.DEPARTAMENTO
(ID_DEPARTAMENTO, NOMBRE, PAIS_ID)
VALUES(19, 'Aragua', 23);
INSERT INTO USUARIOS.DEPARTAMENTO
(ID_DEPARTAMENTO, NOMBRE, PAIS_ID)
VALUES(20, 'Bolivar', 23);
INSERT INTO USUARIOS.DEPARTAMENTO
(ID_DEPARTAMENTO, NOMBRE, PAIS_ID)
VALUES(21, 'Sao Paulo', 3);
INSERT INTO USUARIOS.DEPARTAMENTO
(ID_DEPARTAMENTO, NOMBRE, PAIS_ID)
VALUES(22, 'Bahia', 3);
INSERT INTO USUARIOS.DEPARTAMENTO
(ID_DEPARTAMENTO, NOMBRE, PAIS_ID)
VALUES(23, 'Rio de Janeiro', 3);
INSERT INTO USUARIOS.DEPARTAMENTO
(ID_DEPARTAMENTO, NOMBRE, PAIS_ID)
VALUES(24, 'Paraná', 3);
INSERT INTO USUARIOS.DEPARTAMENTO
(ID_DEPARTAMENTO, NOMBRE, PAIS_ID)
VALUES(25, 'Santa Catarina ', 3);

--Ciudades/Municipios
INSERT INTO USUARIOS.CIUDAD
(ID_CIUDAD, NOMBRE, ID_DEPARTAMENTO)
VALUES(1, 'Armenia', 1);
INSERT INTO USUARIOS.CIUDAD
(ID_CIUDAD, NOMBRE, ID_DEPARTAMENTO)
VALUES(2, 'Calarcá', 1);
INSERT INTO USUARIOS.CIUDAD
(ID_CIUDAD, NOMBRE, ID_DEPARTAMENTO)
VALUES(3, 'Circasia', 1);
INSERT INTO USUARIOS.CIUDAD
(ID_CIUDAD, NOMBRE, ID_DEPARTAMENTO)
VALUES(4, 'Filandia', 1);
INSERT INTO USUARIOS.CIUDAD
(ID_CIUDAD, NOMBRE, ID_DEPARTAMENTO)
VALUES(5, 'Salento', 1);
INSERT INTO USUARIOS.CIUDAD
(ID_CIUDAD, NOMBRE, ID_DEPARTAMENTO)
VALUES(6, 'Santa Rosa de Cabal', 3);
INSERT INTO USUARIOS.CIUDAD
(ID_CIUDAD, NOMBRE, ID_DEPARTAMENTO)
VALUES(7, 'Santuario', 3);
INSERT INTO USUARIOS.CIUDAD
(ID_CIUDAD, NOMBRE, ID_DEPARTAMENTO)
VALUES(8, 'Mistrato', 3);
INSERT INTO USUARIOS.CIUDAD
(ID_CIUDAD, NOMBRE, ID_DEPARTAMENTO)
VALUES(9, 'Marsella', 3);
INSERT INTO USUARIOS.CIUDAD
(ID_CIUDAD, NOMBRE, ID_DEPARTAMENTO)
VALUES(10, 'Quinchia', 3);
INSERT INTO USUARIOS.CIUDAD
(ID_CIUDAD, NOMBRE, ID_DEPARTAMENTO)
VALUES(11, 'Medellín', 2);
INSERT INTO USUARIOS.CIUDAD
(ID_CIUDAD, NOMBRE, ID_DEPARTAMENTO)
VALUES(12, 'Sabaneta', 2);
INSERT INTO USUARIOS.CIUDAD
(ID_CIUDAD, NOMBRE, ID_DEPARTAMENTO)
VALUES(13, 'Envigado', 2);
INSERT INTO USUARIOS.CIUDAD
(ID_CIUDAD, NOMBRE, ID_DEPARTAMENTO)
VALUES(14, 'Copacabana', 2);
INSERT INTO USUARIOS.CIUDAD
(ID_CIUDAD, NOMBRE, ID_DEPARTAMENTO)
VALUES(15, 'La estrella', 2);
INSERT INTO USUARIOS.CIUDAD
(ID_CIUDAD, NOMBRE, ID_DEPARTAMENTO)
VALUES(16, 'Buenaventura', 4);
INSERT INTO USUARIOS.CIUDAD
(ID_CIUDAD, NOMBRE, ID_DEPARTAMENTO)
VALUES(17, 'Buga', 4);
INSERT INTO USUARIOS.CIUDAD
(ID_CIUDAD, NOMBRE, ID_DEPARTAMENTO)
VALUES(18, 'Cali', 4);
INSERT INTO USUARIOS.CIUDAD
(ID_CIUDAD, NOMBRE, ID_DEPARTAMENTO)
VALUES(19, 'Cartago', 4);
INSERT INTO USUARIOS.CIUDAD
(ID_CIUDAD, NOMBRE, ID_DEPARTAMENTO)
VALUES(20, 'Bolivar', 4);
INSERT INTO USUARIOS.CIUDAD
(ID_CIUDAD, NOMBRE, ID_DEPARTAMENTO)
VALUES(21, 'Seattle', 6);
INSERT INTO USUARIOS.CIUDAD
(ID_CIUDAD, NOMBRE, ID_DEPARTAMENTO)
VALUES(22, 'Hermosillo', 11);
INSERT INTO USUARIOS.CIUDAD
(ID_CIUDAD, NOMBRE, ID_DEPARTAMENTO)
VALUES(23, 'Maracay', 19);
INSERT INTO USUARIOS.CIUDAD
(ID_CIUDAD, NOMBRE, ID_DEPARTAMENTO)
VALUES(24, 'Tanguá', 23);
INSERT INTO USUARIOS.CIUDAD
(ID_CIUDAD, NOMBRE, ID_DEPARTAMENTO)
VALUES(25, 'Bogotá', 5);


--Personas
INSERT INTO USUARIOS.PERSONA
(CEDULA, PRIMER_NOMBRE, SEGUNDO_NOMBRE, PRIMER_APELLIDO, SEGUNDO_APELLIDO, CORREO_ELECTRONICO, ID_CIUDAD, DIRECCION)
VALUES('1010153361', 'Laura', 'Alejandra ', 'Suárez ', 'Gutiérrez', 'laurasuarez@gmail.com', 1, 'Conjunto residencial el cortijo torre 5 apto 504');
INSERT INTO USUARIOS.PERSONA
(CEDULA, PRIMER_NOMBRE, SEGUNDO_NOMBRE, PRIMER_APELLIDO, SEGUNDO_APELLIDO, CORREO_ELECTRONICO, ID_CIUDAD, DIRECCION)
VALUES('1005094652', 'Daniel', 'Stiwar ', 'Sánchez', 'Bañol', 'danielsanchez@gmail.com', 2, 'Carrera 26 calle 40-27');
INSERT INTO USUARIOS.PERSONA
(CEDULA, PRIMER_NOMBRE, SEGUNDO_NOMBRE, PRIMER_APELLIDO, SEGUNDO_APELLIDO, CORREO_ELECTRONICO, ID_CIUDAD, DIRECCION)
VALUES('25099712', 'Luz ', 'Stella ', 'Gutiérrez', 'Castaño', 'luzstella@gmail.com', 3, 'Km 7 autopista del café condominio los yarumos casa 4');
INSERT INTO USUARIOS.PERSONA
(CEDULA, PRIMER_NOMBRE, SEGUNDO_NOMBRE, PRIMER_APELLIDO, SEGUNDO_APELLIDO, CORREO_ELECTRONICO, ID_CIUDAD, DIRECCION)
VALUES('25014902', 'Luz ', 'Mery ', 'Castaño ', 'De Gutiérrez', 'luzmery@gmail.com', 4, 'Km 17 via Armenia Pereira');
INSERT INTO USUARIOS.PERSONA
(CEDULA, PRIMER_NOMBRE, SEGUNDO_NOMBRE, PRIMER_APELLIDO, SEGUNDO_APELLIDO, CORREO_ELECTRONICO, ID_CIUDAD, DIRECCION)
VALUES('44945779', 'Lina ', 'Marcela ', 'Sánchez', 'Bañol', 'linasanchez@gmail.com', 5, 'Carrera 4 1-30');
INSERT INTO USUARIOS.PERSONA
(CEDULA, PRIMER_NOMBRE, SEGUNDO_NOMBRE, PRIMER_APELLIDO, SEGUNDO_APELLIDO, CORREO_ELECTRONICO, ID_CIUDAD, DIRECCION)
VALUES('18393395', 'Ángel ', 'Alberto ', 'Suárez ', 'Gómez', 'angelsuarez@gmail.com', 6, 'Sector el Jazmin via Lembo lote 6 frente al conjunto las margaritas');
INSERT INTO USUARIOS.PERSONA
(CEDULA, PRIMER_NOMBRE, SEGUNDO_NOMBRE, PRIMER_APELLIDO, SEGUNDO_APELLIDO, CORREO_ELECTRONICO, ID_CIUDAD, DIRECCION)
VALUES('1030452789', 'Maria ', NULL, 'Manriquez ', 'Osorio', 'mariaosorio@gmail.com', 7, 'Calle 7 10-48');
INSERT INTO USUARIOS.PERSONA
(CEDULA, PRIMER_NOMBRE, SEGUNDO_NOMBRE, PRIMER_APELLIDO, SEGUNDO_APELLIDO, CORREO_ELECTRONICO, ID_CIUDAD, DIRECCION)
VALUES('25411667', 'Enrique', NULL, 'Mejía', 'Diaz', 'enriquemejia@gmail.com', 8, 'Carrera 9 A # 13 - 46, 123456' );
INSERT INTO USUARIOS.PERSONA
(CEDULA, PRIMER_NOMBRE, SEGUNDO_NOMBRE, PRIMER_APELLIDO, SEGUNDO_APELLIDO, CORREO_ELECTRONICO, ID_CIUDAD, DIRECCION)
VALUES('1040562781', 'Angie', 'Carolina', 'Ruiz', 'Acevedo', 'carolinaruiz@gmail.com', 9, 'Calle 19 #13-17 ');
INSERT INTO USUARIOS.PERSONA
(CEDULA, PRIMER_NOMBRE, SEGUNDO_NOMBRE, PRIMER_APELLIDO, SEGUNDO_APELLIDO, CORREO_ELECTRONICO, ID_CIUDAD, DIRECCION)
VALUES('25741698', 'Celina', NULL, 'Acosta', 'Gamez', 'celinaacosta@gmail.com', 10, 'calle 4 #8-26');
INSERT INTO USUARIOS.PERSONA
(CEDULA, PRIMER_NOMBRE, SEGUNDO_NOMBRE, PRIMER_APELLIDO, SEGUNDO_APELLIDO, CORREO_ELECTRONICO, ID_CIUDAD, DIRECCION)
VALUES('1024568772', 'Fredy', 'Francisco', 'Perez', 'Loaiza', 'fredyperez@gmail.com', 11, 'Carrera 36 8A 39, El Poblado');
INSERT INTO USUARIOS.PERSONA
(CEDULA, PRIMER_NOMBRE, SEGUNDO_NOMBRE, PRIMER_APELLIDO, SEGUNDO_APELLIDO, CORREO_ELECTRONICO, ID_CIUDAD, DIRECCION)
VALUES('4512789335', 'Manuel', 'Gerardo', 'López', 'Alarcón', 'gerardolopez@gmail.com', 12, 'Carrera 43a N 75sur-05 unidad messantia');
INSERT INTO USUARIOS.PERSONA
(CEDULA, PRIMER_NOMBRE, SEGUNDO_NOMBRE, PRIMER_APELLIDO, SEGUNDO_APELLIDO, CORREO_ELECTRONICO, ID_CIUDAD, DIRECCION)
VALUES('25014809', 'Maria', 'Jacinta', 'Guillermina', 'Porras', 'jacintaporras@gmail.com', 13, 'Carrera 6#23A sur 35 Apto 114');
INSERT INTO USUARIOS.PERSONA
(CEDULA, PRIMER_NOMBRE, SEGUNDO_NOMBRE, PRIMER_APELLIDO, SEGUNDO_APELLIDO, CORREO_ELECTRONICO, ID_CIUDAD, DIRECCION)
VALUES('1010156647', 'Irma', NULL, 'Dorantes', 'Aguilar', 'irmadorantes@gmail.com', 14, 'Condominios California casa 15');
INSERT INTO USUARIOS.PERSONA
(CEDULA, PRIMER_NOMBRE, SEGUNDO_NOMBRE, PRIMER_APELLIDO, SEGUNDO_APELLIDO, CORREO_ELECTRONICO, ID_CIUDAD, DIRECCION)
VALUES('25016723', 'Victor', 'Hugo', 'Guerrero', 'Alemán', 'victorguerrero@gmail.com', 15, 'Carrera 51 Torre 1 Apartamento 307 ');
INSERT INTO USUARIOS.PERSONA
(CEDULA, PRIMER_NOMBRE, SEGUNDO_NOMBRE, PRIMER_APELLIDO, SEGUNDO_APELLIDO, CORREO_ELECTRONICO, ID_CIUDAD, DIRECCION)
VALUES('1020567498', 'Jose', 'Israel', 'Camacho', 'Alcantar', 'josecamacho@gmail.com', 16, 'Calle 2 #1A - 08');
INSERT INTO USUARIOS.PERSONA
(CEDULA, PRIMER_NOMBRE, SEGUNDO_NOMBRE, PRIMER_APELLIDO, SEGUNDO_APELLIDO, CORREO_ELECTRONICO, ID_CIUDAD, DIRECCION)
VALUES('26578903', 'Rocio', NULL,'Santos', 'Almogabar', 'rociosantos@gmail.com', 17, 'Carrera 15 4-54');
INSERT INTO USUARIOS.PERSONA
(CEDULA, PRIMER_NOMBRE, SEGUNDO_NOMBRE, PRIMER_APELLIDO, SEGUNDO_APELLIDO, CORREO_ELECTRONICO, ID_CIUDAD, DIRECCION)
VALUES('1050674235', 'Jose', 'Rafael', 'Bujanda', 'Andrade', 'rafaelbujanda@gmail.com', 18, 'Calle 15 Norte 4-26');
INSERT INTO USUARIOS.PERSONA
(CEDULA, PRIMER_NOMBRE, SEGUNDO_NOMBRE, PRIMER_APELLIDO, SEGUNDO_APELLIDO, CORREO_ELECTRONICO, ID_CIUDAD, DIRECCION)
VALUES('24013558', 'Miguel','Armando', 'Cruz', 'Palomeque', 'armandopalomeque@gmail.com', 19, 'Calle 10 Parcelación El Placer');
INSERT INTO USUARIOS.PERSONA
(CEDULA, PRIMER_NOMBRE, SEGUNDO_NOMBRE, PRIMER_APELLIDO, SEGUNDO_APELLIDO, CORREO_ELECTRONICO, ID_CIUDAD, DIRECCION)
VALUES('1030647982', 'Gustavo', NULL, 'Villaseñor', 'Aquiles', 'gustavovillaseñor@gmail.com', 20, 'Cra. 9 38-76');
INSERT INTO USUARIOS.PERSONA
(CEDULA, PRIMER_NOMBRE, SEGUNDO_NOMBRE, PRIMER_APELLIDO, SEGUNDO_APELLIDO, CORREO_ELECTRONICO, ID_CIUDAD, DIRECCION)
VALUES('1023564789', 'Aura','Rosalia', 'López', 'Argumosa', 'rosalialopez@gmail.com', 21, '110 Boren Avenue North, South Lake Union');
INSERT INTO USUARIOS.PERSONA
(CEDULA, PRIMER_NOMBRE, SEGUNDO_NOMBRE, PRIMER_APELLIDO, SEGUNDO_APELLIDO, CORREO_ELECTRONICO, ID_CIUDAD, DIRECCION)
VALUES('42357198', 'Diana','Socorro', 'Rodríguez', 'Arias', 'dianarodriguez@gmail.com', 22, ' Boulevard Eusebio Kino, 375. Colonia Lomas Pitic');
INSERT INTO USUARIOS.PERSONA
(CEDULA, PRIMER_NOMBRE, SEGUNDO_NOMBRE, PRIMER_APELLIDO, SEGUNDO_APELLIDO, CORREO_ELECTRONICO, ID_CIUDAD, DIRECCION)
VALUES('1067429873', 'Oscar', 'Guillermo', 'Romero', 'Armenta', 'oscarromero@gmail.com', 23, 'Avenida Las Delicias Sector el Toro 21-01');
INSERT INTO USUARIOS.PERSONA
(CEDULA, PRIMER_NOMBRE, SEGUNDO_NOMBRE, PRIMER_APELLIDO, SEGUNDO_APELLIDO, CORREO_ELECTRONICO, ID_CIUDAD, DIRECCION)
VALUES('26743125', 'Javier', NULL, 'Viñas', 'Arnaud', 'javierarnaud@gmail.com', 24, 'Avenida do Canal Sítio cor verde claro');
INSERT INTO USUARIOS.PERSONA
(CEDULA, PRIMER_NOMBRE, SEGUNDO_NOMBRE, PRIMER_APELLIDO, SEGUNDO_APELLIDO, CORREO_ELECTRONICO, ID_CIUDAD, DIRECCION)
VALUES('1090457881', 'Javier', 'Leonardo', 'Ovalle', 'Arredondo', 'javierovalle@gmail.com', 25, 'Calle 87 N° 19 - 21, Parque El Virrey, Chapinero');
INSERT INTO USUARIOS.PERSONA
(CEDULA, PRIMER_NOMBRE, SEGUNDO_NOMBRE, PRIMER_APELLIDO, SEGUNDO_APELLIDO, CORREO_ELECTRONICO, ID_CIUDAD, DIRECCION)
VALUES('25019430', 'Jadilson' , NULL, 'Alonso', 'Navarro', 'jadilsonnavarro@gmail.com', 1, 'Calle 21 Norte Edificio Panoramika, Apartamento 607');
INSERT INTO USUARIOS.PERSONA
(CEDULA, PRIMER_NOMBRE, SEGUNDO_NOMBRE, PRIMER_APELLIDO, SEGUNDO_APELLIDO, CORREO_ELECTRONICO, ID_CIUDAD, DIRECCION)
VALUES('41932500', 'Luz' ,'Stella' , 'Estrada', 'Ramirez', 'luzestrada@gmail.com', 2, 'Carrera 26 39-56');
INSERT INTO USUARIOS.PERSONA
(CEDULA, PRIMER_NOMBRE, SEGUNDO_NOMBRE, PRIMER_APELLIDO, SEGUNDO_APELLIDO, CORREO_ELECTRONICO, ID_CIUDAD, DIRECCION)
VALUES('27450112', 'Mariana', NULL, 'Carvajal', 'Arce', 'marianacarvajal@gmail.com', 3, ' Kilometro 2 Via Circasia la Vereda la Pola');
INSERT INTO USUARIOS.PERSONA
(CEDULA, PRIMER_NOMBRE, SEGUNDO_NOMBRE, PRIMER_APELLIDO, SEGUNDO_APELLIDO, CORREO_ELECTRONICO, ID_CIUDAD, DIRECCION)
VALUES('47856997', 'Maria', 'Camila', 'Martinez', 'Aristizabal', 'camilamartinez@gmail.com', 4, 'Cra 6 #8-06');
INSERT INTO USUARIOS.PERSONA
(CEDULA, PRIMER_NOMBRE, SEGUNDO_NOMBRE, PRIMER_APELLIDO, SEGUNDO_APELLIDO, CORREO_ELECTRONICO, ID_CIUDAD, DIRECCION)
VALUES('250158764', 'Luis', 'Antonio', 'Nava', 'Herrera', 'luisnava@gmail.com', 5, 'Carrera 8 #5-28 apartamento 201');
INSERT INTO USUARIOS.PERSONA
(CEDULA, PRIMER_NOMBRE, SEGUNDO_NOMBRE, PRIMER_APELLIDO, SEGUNDO_APELLIDO, CORREO_ELECTRONICO, ID_CIUDAD, DIRECCION)
VALUES('18256945', 'Tomás', 'Alonso', 'Silva', 'Marquez', 'tomassilva@gmail.com', 6, 'Carrera 15 #16-79');
INSERT INTO USUARIOS.PERSONA
(CEDULA, PRIMER_NOMBRE, SEGUNDO_NOMBRE, PRIMER_APELLIDO, SEGUNDO_APELLIDO, CORREO_ELECTRONICO, ID_CIUDAD, DIRECCION)
VALUES('1005478621', 'Ximena', NULL, 'Pérez', 'Suárez', 'ximenaperez@gmail.com', 7, 'Viterbo-Apía 91-983 segundo piso');
INSERT INTO USUARIOS.PERSONA
(CEDULA, PRIMER_NOMBRE, SEGUNDO_NOMBRE, PRIMER_APELLIDO, SEGUNDO_APELLIDO, CORREO_ELECTRONICO, ID_CIUDAD, DIRECCION)
VALUES('1010152264', 'Jose', 'Fernando', 'Barreda', 'Arredondo', 'josebarreda@gmail.com', 8, 'Carrera 4 #17-25');
INSERT INTO USUARIOS.PERSONA
(CEDULA, PRIMER_NOMBRE, SEGUNDO_NOMBRE, PRIMER_APELLIDO, SEGUNDO_APELLIDO, CORREO_ELECTRONICO, ID_CIUDAD, DIRECCION)
VALUES('24652314', 'Maria', 'Carolina', 'Nuñez', 'Aranda', 'carolinaaranda@gmail.com', 9, 'A 800 mts de Cristo Rey Bajando para la Virginia Vereda Finca Guayabito');
INSERT INTO USUARIOS.PERSONA
(CEDULA, PRIMER_NOMBRE, SEGUNDO_NOMBRE, PRIMER_APELLIDO, SEGUNDO_APELLIDO, CORREO_ELECTRONICO, ID_CIUDAD, DIRECCION)
VALUES('18123564', 'Felipe', 'Aurelio', 'Rendón', 'Carrasco', 'feliperendon@gmail.com', 10, 'Carrera 7 #14-29');
INSERT INTO USUARIOS.PERSONA
(CEDULA, PRIMER_NOMBRE, SEGUNDO_NOMBRE, PRIMER_APELLIDO, SEGUNDO_APELLIDO, CORREO_ELECTRONICO, ID_CIUDAD, DIRECCION)
VALUES('10101254478', 'Maria', 'Fernanda', 'Valer', 'Tarazona', 'fernandavaler@gmail.com', 11, 'Circular 2 Barrio Laureles #71-22');
INSERT INTO USUARIOS.PERSONA
(CEDULA, PRIMER_NOMBRE, SEGUNDO_NOMBRE, PRIMER_APELLIDO, SEGUNDO_APELLIDO, CORREO_ELECTRONICO, ID_CIUDAD, DIRECCION)
VALUES('1020145875', 'Saul', NULL, 'Cortez','Tello', 'saulcortez@gmail.com', 12, 'Calle 78E Sur #47C-80');
INSERT INTO USUARIOS.PERSONA
(CEDULA, PRIMER_NOMBRE, SEGUNDO_NOMBRE, PRIMER_APELLIDO, SEGUNDO_APELLIDO, CORREO_ELECTRONICO, ID_CIUDAD, DIRECCION)
VALUES('24056879', 'Claudia', 'Patricia', 'Ordoñez', 'Quiceno', 'claudiaquiceno@gmail.com', 13, 'Cra 6 # 23a sur 35 olive country living suites');
INSERT INTO USUARIOS.PERSONA
(CEDULA, PRIMER_NOMBRE, SEGUNDO_NOMBRE, PRIMER_APELLIDO, SEGUNDO_APELLIDO, CORREO_ELECTRONICO, ID_CIUDAD, DIRECCION)
VALUES('1010120123', 'Juan', 'Manuel', 'Chilca', 'Barahorda', 'manuelchilca@gmail.com', 14, 'Avenida 40 51-110 Nuevo Milenio Apartamentos');
INSERT INTO USUARIOS.PERSONA
(CEDULA, PRIMER_NOMBRE, SEGUNDO_NOMBRE, PRIMER_APELLIDO, SEGUNDO_APELLIDO, CORREO_ELECTRONICO, ID_CIUDAD, DIRECCION)
VALUES('24125987', 'Nicol', NULL, 'Murcia', 'Marulanda', 'nicolmurcia@gmail.com', 15, 'Carrera 51 96 Sur-50 Torre 1 Apartamento 307');
INSERT INTO USUARIOS.PERSONA
(CEDULA, PRIMER_NOMBRE, SEGUNDO_NOMBRE, PRIMER_APELLIDO, SEGUNDO_APELLIDO, CORREO_ELECTRONICO, ID_CIUDAD, DIRECCION)
VALUES('1010124568', 'Carlos', 'José', 'Florez', 'Florez', 'carlosflorez@gmail.com', 16, 'Calle 1 #5B-17');
INSERT INTO USUARIOS.PERSONA
(CEDULA, PRIMER_NOMBRE, SEGUNDO_NOMBRE, PRIMER_APELLIDO, SEGUNDO_APELLIDO, CORREO_ELECTRONICO, ID_CIUDAD, DIRECCION)
VALUES('25013259', 'Hanah', 'Sofia', 'Montoya', 'Bernal', 'sofiamontoya@gmail.com', 17, 'Carrera 17 #9-73');
INSERT INTO USUARIOS.PERSONA
(CEDULA, PRIMER_NOMBRE, SEGUNDO_NOMBRE, PRIMER_APELLIDO, SEGUNDO_APELLIDO, CORREO_ELECTRONICO, ID_CIUDAD, DIRECCION)
VALUES('1010152453', 'Maria', 'Fernanda', 'Camacho', 'Gutiérrez', 'mariacamacho@gmail.com', 18, 'Calle 23B #5N-14');
INSERT INTO USUARIOS.PERSONA
(CEDULA, PRIMER_NOMBRE, SEGUNDO_NOMBRE, PRIMER_APELLIDO, SEGUNDO_APELLIDO, CORREO_ELECTRONICO, ID_CIUDAD, DIRECCION)
VALUES('1012456789', 'Samuel', NULL, 'Rojas', 'Ortegón', 'samuelrojas@gmail.com', 19, 'Calle 29 #1N-03');
INSERT INTO USUARIOS.PERSONA
(CEDULA, PRIMER_NOMBRE, SEGUNDO_NOMBRE, PRIMER_APELLIDO, SEGUNDO_APELLIDO, CORREO_ELECTRONICO, ID_CIUDAD, DIRECCION)
VALUES('1034568997', 'Juliana', NULL, 'Huertas', 'Leal', 'julianahuertas@gmail.com', 20, 'Calle Del Arsenal #10-32');
INSERT INTO USUARIOS.PERSONA
(CEDULA, PRIMER_NOMBRE, SEGUNDO_NOMBRE, PRIMER_APELLIDO, SEGUNDO_APELLIDO, CORREO_ELECTRONICO, ID_CIUDAD, DIRECCION)
VALUES('25015448', 'Maria', 'De los angeles', 'Noreña', 'Holguín', 'mariaholguin@gmail.com', 21, '300 Terry Avenue North, South Lake Union');
INSERT INTO USUARIOS.PERSONA
(CEDULA, PRIMER_NOMBRE, SEGUNDO_NOMBRE, PRIMER_APELLIDO, SEGUNDO_APELLIDO, CORREO_ELECTRONICO, ID_CIUDAD, DIRECCION)
VALUES('1010124210', 'Stefania', NULL, 'Medina', 'Parra', 'stefaniamedina@gmail.com', 22, 'Colonia vasco de gama 83-55');
INSERT INTO USUARIOS.PERSONA
(CEDULA, PRIMER_NOMBRE, SEGUNDO_NOMBRE, PRIMER_APELLIDO, SEGUNDO_APELLIDO, CORREO_ELECTRONICO, ID_CIUDAD, DIRECCION)
VALUES('1050142265', 'Manuela', NULL, 'Builes', 'Salazar', 'manuelabuiles@gmail.com', 23, 'Avenida las delicias 21-01');
INSERT INTO USUARIOS.PERSONA
(CEDULA, PRIMER_NOMBRE, SEGUNDO_NOMBRE, PRIMER_APELLIDO, SEGUNDO_APELLIDO, CORREO_ELECTRONICO, ID_CIUDAD, DIRECCION)
VALUES('1010124887', 'Etnie', 'Salomé', 'Diaz', 'Toro', 'salomediaz@gmail.com', 24, 'Rua Débora Nogueira da Silva N 555');
INSERT INTO USUARIOS.PERSONA
(CEDULA, PRIMER_NOMBRE, SEGUNDO_NOMBRE, PRIMER_APELLIDO, SEGUNDO_APELLIDO, CORREO_ELECTRONICO, ID_CIUDAD, DIRECCION)
VALUES('1010120024', 'Mateo', NULL, 'Estrada', 'Ramirez', 'mateoestrada@gmail.com', 25, 'Calle 116 #15-64, Usaquén');

--Clientes
INSERT INTO USUARIOS.CLIENTE
(CEDULA_PERSONA)
VALUES('1005094652');
INSERT INTO USUARIOS.CLIENTE
(CEDULA_PERSONA)
VALUES('1005478621');
INSERT INTO USUARIOS.CLIENTE
(CEDULA_PERSONA)
VALUES('1010120024');
INSERT INTO USUARIOS.CLIENTE
(CEDULA_PERSONA)
VALUES('1010120123');
INSERT INTO USUARIOS.CLIENTE
(CEDULA_PERSONA)
VALUES('1010124210');
INSERT INTO USUARIOS.CLIENTE
(CEDULA_PERSONA)
VALUES('1010124568');
INSERT INTO USUARIOS.CLIENTE
(CEDULA_PERSONA)
VALUES('1010124887');
INSERT INTO USUARIOS.CLIENTE
(CEDULA_PERSONA)
VALUES('10101254478');
INSERT INTO USUARIOS.CLIENTE
(CEDULA_PERSONA)
VALUES('1010152264');
INSERT INTO USUARIOS.CLIENTE
(CEDULA_PERSONA)
VALUES('1010152453');
INSERT INTO USUARIOS.CLIENTE
(CEDULA_PERSONA)
VALUES('1010153361');
INSERT INTO USUARIOS.CLIENTE
(CEDULA_PERSONA)
VALUES('1010156647');
INSERT INTO USUARIOS.CLIENTE
(CEDULA_PERSONA)
VALUES('1012456789');
INSERT INTO USUARIOS.CLIENTE
(CEDULA_PERSONA)
VALUES('1020145875');
INSERT INTO USUARIOS.CLIENTE
(CEDULA_PERSONA)
VALUES('1020567498');
INSERT INTO USUARIOS.CLIENTE
(CEDULA_PERSONA)
VALUES('1023564789');
INSERT INTO USUARIOS.CLIENTE
(CEDULA_PERSONA)
VALUES('1024568772');
INSERT INTO USUARIOS.CLIENTE
(CEDULA_PERSONA)
VALUES('1030452789');
INSERT INTO USUARIOS.CLIENTE
(CEDULA_PERSONA)
VALUES('1030647982');
INSERT INTO USUARIOS.CLIENTE
(CEDULA_PERSONA)
VALUES('1034568997');
INSERT INTO USUARIOS.CLIENTE
(CEDULA_PERSONA)
VALUES('1040562781');
INSERT INTO USUARIOS.CLIENTE
(CEDULA_PERSONA)
VALUES('1050142265');
INSERT INTO USUARIOS.CLIENTE
(CEDULA_PERSONA)
VALUES('1050674235');
INSERT INTO USUARIOS.CLIENTE
(CEDULA_PERSONA)
VALUES('1067429873');
INSERT INTO USUARIOS.CLIENTE
(CEDULA_PERSONA)
VALUES('1090457881');

--Tipo 
INSERT INTO USUARIOS.TIPO
(ID_TIPO, DESCRIPCION, CATEGORIA)
VALUES(1, 'Teléfono', 'Personal');
INSERT INTO USUARIOS.TIPO
(ID_TIPO, DESCRIPCION, CATEGORIA)
VALUES(2, 'Teléfono', 'Trabajo');
INSERT INTO USUARIOS.TIPO
(ID_TIPO, DESCRIPCION, CATEGORIA)
VALUES(5, 'Empleado', 'Cajero');
INSERT INTO USUARIOS.TIPO
(ID_TIPO, DESCRIPCION, CATEGORIA)
VALUES(6, 'Empleado', 'Jefe de oficina');
INSERT INTO USUARIOS.TIPO
(ID_TIPO, DESCRIPCION, CATEGORIA)
VALUES(7, 'Empleado', 'Analista de créditos');
INSERT INTO USUARIOS.TIPO
(ID_TIPO, DESCRIPCION, CATEGORIA)
VALUES(8, 'Empleado', 'CEO');
INSERT INTO USUARIOS.TIPO
(ID_TIPO, DESCRIPCION, CATEGORIA)
VALUES(9, 'Empleado', 'Presidente');
INSERT INTO USUARIOS.TIPO
(ID_TIPO, DESCRIPCION, CATEGORIA)
VALUES(10, 'Empleado', 'Vicepresidente');
INSERT INTO USUARIOS.TIPO
(ID_TIPO, DESCRIPCION, CATEGORIA)
VALUES(11, 'Empleado', 'Director de departamento');
INSERT INTO USUARIOS.TIPO
(ID_TIPO, DESCRIPCION, CATEGORIA)
VALUES(12, 'Empleado', 'Supervisor');
INSERT INTO USUARIOS.TIPO
(ID_TIPO, DESCRIPCION, CATEGORIA)
VALUES(13, 'Cuenta', 'Ahorros');
INSERT INTO USUARIOS.TIPO
(ID_TIPO, DESCRIPCION, CATEGORIA)
VALUES(14, 'Cuenta', 'Corriente ');
INSERT INTO USUARIOS.TIPO
(ID_TIPO, DESCRIPCION, CATEGORIA)
VALUES(15, 'Cuenta', 'Nómina');
INSERT INTO USUARIOS.TIPO
(ID_TIPO, DESCRIPCION, CATEGORIA)
VALUES(16, 'Cuenta', 'Pensión');
INSERT INTO USUARIOS.TIPO
(ID_TIPO, DESCRIPCION, CATEGORIA)
VALUES(17, 'Cuenta', 'AFC');
INSERT INTO USUARIOS.TIPO
(ID_TIPO, DESCRIPCION, CATEGORIA)
VALUES(18, 'Cuenta', 'Ahorro programado');
INSERT INTO USUARIOS.TIPO
(ID_TIPO, DESCRIPCION, CATEGORIA)
VALUES(19, 'Cuenta', 'Exterior');
INSERT INTO USUARIOS.TIPO
(ID_TIPO, DESCRIPCION, CATEGORIA)
VALUES(20, 'Crédito', 'Consumo');
INSERT INTO USUARIOS.TIPO
(ID_TIPO, DESCRIPCION, CATEGORIA)
VALUES(21, 'Crédito', 'Vivienda');
INSERT INTO USUARIOS.TIPO
(ID_TIPO, DESCRIPCION, CATEGORIA)
VALUES(22, 'Crédito', 'Negocio');
INSERT INTO USUARIOS.TIPO
(ID_TIPO, DESCRIPCION, CATEGORIA)
VALUES(23, 'Crédito', 'Vehículo');
INSERT INTO USUARIOS.TIPO
(ID_TIPO, DESCRIPCION, CATEGORIA)
VALUES(24, 'Crédito', 'Estudio');
INSERT INTO USUARIOS.TIPO
(ID_TIPO, DESCRIPCION, CATEGORIA)
VALUES(25, 'Seguro', 'Salud y vida');
INSERT INTO USUARIOS.TIPO
(ID_TIPO, DESCRIPCION, CATEGORIA)
VALUES(26, 'Seguro', 'Empleados e independientes');
INSERT INTO USUARIOS.TIPO
(ID_TIPO, DESCRIPCION, CATEGORIA)
VALUES(27, 'Seguro', 'Fraude');
INSERT INTO USUARIOS.TIPO
(ID_TIPO, DESCRIPCION, CATEGORIA)
VALUES(28, 'Seguro', 'Deuda');
INSERT INTO USUARIOS.TIPO
(ID_TIPO, DESCRIPCION, CATEGORIA)
VALUES(29, 'Seguro', 'Online');
INSERT INTO USUARIOS.TIPO
(ID_TIPO, DESCRIPCION, CATEGORIA)
VALUES(30, 'Seguro', 'Asistencia');
INSERT INTO USUARIOS.TIPO
(ID_TIPO, DESCRIPCION, CATEGORIA)
VALUES(31, 'Solicitud', 'Cuenta');
INSERT INTO USUARIOS.TIPO
(ID_TIPO, DESCRIPCION, CATEGORIA)
VALUES(32, 'Solicitud', 'Crédito');
INSERT INTO USUARIOS.TIPO
(ID_TIPO, DESCRIPCION, CATEGORIA)
VALUES(33, 'Solicitud', 'Seguro');


--Sucursales
INSERT INTO USUARIOS.SUCURSAL
(ID_SUCURSAL, NOMBRE, ID_CIUDAD)
VALUES(1, 'Banca Express', 1);
INSERT INTO USUARIOS.SUCURSAL
(ID_SUCURSAL, NOMBRE, ID_CIUDAD)
VALUES(2, 'Banca Express Calarcá', 2);
INSERT INTO USUARIOS.SUCURSAL
(ID_SUCURSAL, NOMBRE, ID_CIUDAD)
VALUES(3, 'Banca Express Circasia', 3);
INSERT INTO USUARIOS.SUCURSAL
(ID_SUCURSAL, NOMBRE, ID_CIUDAD)
VALUES(4, 'Banca Express Filandia', 4);
INSERT INTO USUARIOS.SUCURSAL
(ID_SUCURSAL, NOMBRE, ID_CIUDAD)
VALUES(5, 'Banca Express Salento  ', 5);
INSERT INTO USUARIOS.SUCURSAL
(ID_SUCURSAL, NOMBRE, ID_CIUDAD)
VALUES(6, 'Banca Express Santa Rosa', 6);
INSERT INTO USUARIOS.SUCURSAL
(ID_SUCURSAL, NOMBRE, ID_CIUDAD)
VALUES(7, 'Banca Express Santuario', 7);
INSERT INTO USUARIOS.SUCURSAL
(ID_SUCURSAL, NOMBRE, ID_CIUDAD)
VALUES(8, 'Banca Express Mistrato', 8);
INSERT INTO USUARIOS.SUCURSAL
(ID_SUCURSAL, NOMBRE, ID_CIUDAD)
VALUES(9, 'Banca Express Marsella', 9);
INSERT INTO USUARIOS.SUCURSAL
(ID_SUCURSAL, NOMBRE, ID_CIUDAD)
VALUES(10, 'Banca Express Quinchia', 10);
INSERT INTO USUARIOS.SUCURSAL
(ID_SUCURSAL, NOMBRE, ID_CIUDAD)
VALUES(11, 'Banca Express Medellín', 11);
INSERT INTO USUARIOS.SUCURSAL
(ID_SUCURSAL, NOMBRE, ID_CIUDAD)
VALUES(12, 'Banca Express Sabaneta', 12);
INSERT INTO USUARIOS.SUCURSAL
(ID_SUCURSAL, NOMBRE, ID_CIUDAD)
VALUES(13, 'Banca Express Envigado', 13);
INSERT INTO USUARIOS.SUCURSAL
(ID_SUCURSAL, NOMBRE, ID_CIUDAD)
VALUES(14, 'Banca Express Copacabana', 14);
INSERT INTO USUARIOS.SUCURSAL
(ID_SUCURSAL, NOMBRE, ID_CIUDAD)
VALUES(15, 'Banca Express La Estrella', 15);
INSERT INTO USUARIOS.SUCURSAL
(ID_SUCURSAL, NOMBRE, ID_CIUDAD)
VALUES(16, 'Banca Express Buenaventura', 16);
INSERT INTO USUARIOS.SUCURSAL
(ID_SUCURSAL, NOMBRE, ID_CIUDAD)
VALUES(17, 'Banca Express Buga', 17);
INSERT INTO USUARIOS.SUCURSAL
(ID_SUCURSAL, NOMBRE, ID_CIUDAD)
VALUES(18, 'Banca Express Cali', 18);
INSERT INTO USUARIOS.SUCURSAL
(ID_SUCURSAL, NOMBRE, ID_CIUDAD)
VALUES(19, 'Banca Express Cartago', 19);
INSERT INTO USUARIOS.SUCURSAL
(ID_SUCURSAL, NOMBRE, ID_CIUDAD)
VALUES(20, 'Banca Express Bolivar', 20);
INSERT INTO USUARIOS.SUCURSAL
(ID_SUCURSAL, NOMBRE, ID_CIUDAD)
VALUES(21, 'Banca Express Seattle', 21);
INSERT INTO USUARIOS.SUCURSAL
(ID_SUCURSAL, NOMBRE, ID_CIUDAD)
VALUES(22, 'Banca Express Hermosillo ', 22);
INSERT INTO USUARIOS.SUCURSAL
(ID_SUCURSAL, NOMBRE, ID_CIUDAD)
VALUES(23, 'Banca Express Maracay', 23);
INSERT INTO USUARIOS.SUCURSAL
(ID_SUCURSAL, NOMBRE, ID_CIUDAD)
VALUES(24, 'Banca Express Tanguá', 24);
INSERT INTO USUARIOS.SUCURSAL
(ID_SUCURSAL, NOMBRE, ID_CIUDAD)
VALUES(25, 'Banca Express Bogotá', 25);

--Empleados

--Telefonos
INSERT INTO USUARIOS.TELEFONO
(TELEFONO, ID_TIPO, CEDULA_CLIENTE)
VALUES('3223631932', 1, '1005094652');
INSERT INTO USUARIOS.TELEFONO
(TELEFONO, ID_TIPO, CEDULA_CLIENTE)
VALUES('3128280008', 1, '1005478621');
INSERT INTO USUARIOS.TELEFONO
(TELEFONO, ID_TIPO, CEDULA_CLIENTE)
VALUES('3113554471', 1, '1010120024');
INSERT INTO USUARIOS.TELEFONO
(TELEFONO, ID_TIPO, CEDULA_CLIENTE)
VALUES('3235311075', 1, '1010120123');
INSERT INTO USUARIOS.TELEFONO
(TELEFONO, ID_TIPO, CEDULA_CLIENTE)
VALUES('3136155161', 1, '1010124210');
INSERT INTO USUARIOS.TELEFONO
(TELEFONO, ID_TIPO, CEDULA_CLIENTE)
VALUES('3113718845', 1, '1010124568');
INSERT INTO USUARIOS.TELEFONO
(TELEFONO, ID_TIPO, CEDULA_CLIENTE)
VALUES('3044233221', 1, '1010124887');
INSERT INTO USUARIOS.TELEFONO
(TELEFONO, ID_TIPO, CEDULA_CLIENTE)
VALUES('3117548589', 1, '10101254478');
INSERT INTO USUARIOS.TELEFONO
(TELEFONO, ID_TIPO, CEDULA_CLIENTE)
VALUES('3147484759', 1, '1010152264');
INSERT INTO USUARIOS.TELEFONO
(TELEFONO, ID_TIPO, CEDULA_CLIENTE)
VALUES('3178539496', 1, '1010152453');
INSERT INTO USUARIOS.TELEFONO
(TELEFONO, ID_TIPO, CEDULA_CLIENTE)
VALUES('3215185013', 1, '1010153361');
INSERT INTO USUARIOS.TELEFONO
(TELEFONO, ID_TIPO, CEDULA_CLIENTE)
VALUES('3122505668', 1, '1010156647');
INSERT INTO USUARIOS.TELEFONO
(TELEFONO, ID_TIPO, CEDULA_CLIENTE)
VALUES('3232267232', 2, '1012456789');
INSERT INTO USUARIOS.TELEFONO
(TELEFONO, ID_TIPO, CEDULA_CLIENTE)
VALUES('3148929162', 2, '1020145875');
INSERT INTO USUARIOS.TELEFONO
(TELEFONO, ID_TIPO, CEDULA_CLIENTE)
VALUES('3143430332', 2, '1020567498');
INSERT INTO USUARIOS.TELEFONO
(TELEFONO, ID_TIPO, CEDULA_CLIENTE)
VALUES('3215910754', 2, '1023564789');
INSERT INTO USUARIOS.TELEFONO
(TELEFONO, ID_TIPO, CEDULA_CLIENTE)
VALUES('3004563779', 2, '1024568772');
INSERT INTO USUARIOS.TELEFONO
(TELEFONO, ID_TIPO, CEDULA_CLIENTE)
VALUES('6067353833', 2, '1030452789');
INSERT INTO USUARIOS.TELEFONO
(TELEFONO, ID_TIPO, CEDULA_CLIENTE)
VALUES('6067364614', 2, '1030647982');
INSERT INTO USUARIOS.TELEFONO
(TELEFONO, ID_TIPO, CEDULA_CLIENTE)
VALUES('6067382415', 2, '1034568997');
INSERT INTO USUARIOS.TELEFONO
(TELEFONO, ID_TIPO, CEDULA_CLIENTE)
VALUES('6067381212', 2, '1040562781');
INSERT INTO USUARIOS.TELEFONO
(TELEFONO, ID_TIPO, CEDULA_CLIENTE)
VALUES('6067402222', 2, '1050142265');
INSERT INTO USUARIOS.TELEFONO
(TELEFONO, ID_TIPO, CEDULA_CLIENTE)
VALUES('6067345689', 2, '1050674235');
INSERT INTO USUARIOS.TELEFONO
(TELEFONO, ID_TIPO, CEDULA_CLIENTE)
VALUES('6067356693', 2, '1067429873');
INSERT INTO USUARIOS.TELEFONO
(TELEFONO, ID_TIPO, CEDULA_CLIENTE)
VALUES('6067341010', 2, '1090457881');

--Empresas








ORDEN

CEO 8
Presidente 9
Vicepresidente 10
DIRECTOR DE DEPARTAMENTO 11
JEFE DE OFICINA 6
ANALISTA DE CREDITOS 7
Supervisor 12
CAJERO 5
